BR,RT,DAY,STOP,NEW BR,NEW RT,NEW DAY,NEW STOP,CUST,CUST NAME,HOUSE NUMBER,ADDRESS,CITY,ZIP,EST DATE,BIG 5 AVG,COMP AVG,Latitude,Longitude,Machine,Companion,Stop ID,NEW DIST
650,2,18,2,,37.0,1,2,166500234,LIBERATORE'S RISTORANTE & CATERING TIMONIUM ,9515,DEERECO ROAD,TIMONIUM,21093,2016-09-20 00:00:00,644.1066666666666,0.0,39.45496378112544,-76.64205274675615,644.1066666666666,0.0,9,21.0
650,2,14,1,,13.0,1,1,156500107,ROYAL KITCHEN,9832,YORK ROAD,COCKEYSVILLE,21030-4914,2015-03-26 00:00:00,118.33333333333331,0.0,39.45989725,-76.63510257394353,118.33333333333331,0.0,10,0.0
650,1,3,5,,42.0,1,5,6501012,NEW LIFE HEALTHY LIVING,7600,CLAYS LANE,WINDSOR MILL ,21244-2003,2013-05-31 00:00:00,0.0,0.0,39.3363557,-76.7639144,0.0,0.0,11,67.0
650,1,4,6,,3.0,1,6,176500023,MIKU SUSHI & STEAKHOUSE,584,CRANBROOK ROAD,COCKEYSVILLE,21030-3702,2017-06-27 00:00:00,225.0,0.0,39.47140137288136,-76.6197702542373,225.0,0.0,12,210.0
650,2,14,2,,13.0,1,2,65092857,EDO SUSHI TIMONIUM,53,EAST PADONIA ROAD,TIMONIUM,21093,1997-11-19 00:00:00,184.25666666666666,0.0,39.456465,-76.63062143345996,184.25666666666666,0.0,13,6.0
650,2,14,3,,13.0,1,3,156500046,CUVINO,61,EAST PADONIA ROAD,TIMONIUM,21093-2346,2015-02-23 00:00:00,597.9633333333333,0.0,39.455713,-76.6295927,597.9633333333333,0.0,14,2.0
650,1,4,1,,3.0,2,1,650466,NAUTILUS DINER,2047,YORK ROAD,TIMONIUM,21093-4230,2008-02-26 00:00:00,668.4333333333333,9.216666666666667,39.438099214285714,-76.62527421428571,668.4333333333333,9.216666666666667,15,38.0
650,1,4,2,,3.0,2,2,216500009,KUNG FU 12 SZECHUAN - TIMONIUM,1427,YORK ROAD,TIMONIUM,21093,2021-02-15 00:00:00,464.9666666666667,0.0,39.42002236363636,-76.61624127272727,464.9666666666667,0.0,16,0.0
650,1,20,5,,39.0,1,5,186500025,THAI RAINBOW RESTAURANT,750,CONCOURSE CIRCLE,MIDDLE RIVER,21220-2995,2018-09-06 00:00:00,200.48333333333332,9.116666666666667,39.35957835,-76.4069574601406,200.48333333333332,9.116666666666667,17,0.0
650,3,15,8,,14.0,1,8,166500248,VINCE’S CRAB HOUSE,610,COMPASS ROAD,MIDDLE RIVER,21220,2016-11-23 00:00:00,294.6333333333333,10.416666666666666,39.3433596,-76.44796,294.6333333333333,10.416666666666666,18,0.0
650,3,18,7,,17.0,1,7,650389,KOBE JAPANESE STEAK HOUSE,8165,HONEYGO BOULEVARD,NOTTINGHAM,21236-8208,2006-12-29 00:00:00,373.3666666666667,0.0,39.371664548773886,-76.465789952244,373.3666666666667,0.0,19,7.0
650,3,18,8,,17.0,1,8,196500028,AKIRA RAMEN ,8133,HONEYGO BOULEVARD,WHITE MARSH,21236,2019-09-17 00:00:00,226.98333333333332,0.0,39.37162837898192,-76.46624520888918,226.98333333333332,0.0,20,0.0
650,3,15,4,,14.0,1,4,216500016,PHO SAIGON HANOI ,9613,HARFORD ROAD,PARKVILLE,21234-2150,2021-05-20 00:00:00,315.0,0.0,39.39550465,-76.5219236240098,315.0,0.0,21,19.0
650,3,2,3,,41.0,1,3,166500232,LAS ESPERANZAS CAFÉ 2,5725,RITCHIE HIGHWAY,BROOKLYN PARK,21225-3645,2016-09-15 00:00:00,379.98333333333335,0.0,39.21745259183673,-76.6144668877551,379.98333333333335,0.0,22,60.0
650,3,2,4,,41.0,1,4,65092646,EL SALTO BALTIMORE,5513,RITCHIE HIGHWAY,BROOKLYN,21225-0000,1997-05-15 00:00:00,609.6866666666666,27.35,39.220309102040815,-76.6141615,609.6866666666666,27.35,23,4.0
650,2,3,6,,22.0,1,6,186500021,LAS ESPERANZAS CAFE 1,2159,WEST PATAPSCO AVENUE,BALTIMORE,21230,2018-08-02 00:00:00,220.0,0.0,39.25131603017408,-76.64483746931366,220.0,0.0,24,35.0
650,2,3,1,,22.0,2,1,216500021,WATER SONG ,21,EAST CROSS STREET,BALTIMORE,21230,2021-06-10 00:00:00,219.31666666666666,0.0,39.2765098,-76.61349629663881,219.31666666666666,0.0,25,0.0
650,3,10,2,,29.0,1,2,65047430,THAI ARROY,1019,LIGHT STREET,BALTIMORE,21230,2006-09-10 00:00:00,117.79666666666667,0.0,39.2779406875,-76.6124129375,117.79666666666667,0.0,26,1.0
650,2,3,7,,22.0,1,7,176500031,HERSH'S,1843,LIGHT STREET,BALTIMORE,21230,2017-12-07 00:00:00,303.69666666666666,36.5,39.26866085,-76.61164284596993,303.69666666666666,36.5,27,35.0
650,1,5,2,,24.0,1,2,196500032,MINDPUB,554,E. FORT AVE,BALTIMORE,21230,2019-11-20 00:00:00,205.0,0.0,39.27322685,-76.60543280423022,205.0,0.0,28,4.0
650,1,5,3,,24.0,1,3,226500030,AMMOORA RESTAURANT,751,KEY HIGHWAY,BALTIMORE,21230,2022-10-03 00:00:00,369.0566666666667,0.0,39.28054184473893,-76.60647690145632,369.0566666666667,0.0,29,9.0
650,3,10,1,,29.0,1,1,236500010,BE MORE THAI,1006,LIGHT STREET,BALTIMORE,21230,2023-03-06 00:00:00,264.0,0.0,39.278029450000005,-76.61279853824908,264.0,0.0,30,0.0
650,3,2,2,,41.0,2,2,650643,FRIENDLY'S DUNDALK,1579,MERRITT BOULEVARD,DUNDALK,21222,2010-04-15 00:00:00,115.31333333333332,43.99,39.2732412,-76.5025024,115.31333333333332,43.99,31,54.0
650,3,2,1,,41.0,2,1,6501046,MISSION BBQ CANTON,3701,BOSTON STREET,BALTIMORE,21224,2013-08-15 00:00:00,458.6,14.713333333333333,39.276884,-76.565012,458.6,14.713333333333333,32,12.0
650,1,8,5,,27.0,1,5,196500009,AKIRA RAMEN & IZAKAYA,3731,BOSTON STREET,BALTIMORE,21224,2019-03-12 00:00:00,256.1066666666667,0.0,39.276183,-76.56506201208254,256.1066666666667,0.0,33,101.0
650,2,9,5,,28.0,1,5,650826,K & D RESTAURANT,3706,EASTERN AVENUE,BALTIMORE ,21224,2011-08-29 00:00:00,213.85,8.85,39.2868183,-76.5661911,213.85,8.85,34,54.0
650,1,17,2,,36.0,1,2,196500013,PHO BAC,700,POTOMAC STREET,BALTIMORE,21224,2019-04-19 00:00:00,240.76333333333332,0.0,39.284185,-76.574468,240.76333333333332,0.0,35,8.0
650,3,2,5,,41.0,1,5,196500024,NAKED GRILL SUSHI AND YAKITORI,2748,LIGHTHOUSE POINT EAST,BALTIMORE,21224,2019-08-26 00:00:00,207.0,0.0,39.27815590782199,-76.57808139852338,207.0,0.0,36,72.0
650,2,15,8,,34.0,1,8,166500075,CHESAPEAKE WINE COMPANY,2400,BOSTON STREET,BALTIMORE,21224,2016-02-29 00:00:00,205.0,0.0,39.2812022,-76.5800877,205.0,0.0,37,0.0
650,1,17,1,,36.0,1,1,236500017,SCHOLA,2744,LIGHTHOUSE POINT EAST,BALTIMORE,21224,2023-05-22 00:00:00,246.0,0.0,39.27817486044775,-76.57806111040526,246.0,0.0,38,0.0
650,1,5,1,,24.0,1,1,650707,PARK BENCH,1749,BELT STREET,BALTIMORE,21230-4707,2010-10-13 00:00:00,0.0,0.0,39.26986825,-76.60544804741379,0.0,0.0,39,0.0
650,3,10,3,,29.0,1,3,156500184,TABRIZI'S,500,HARBORVIEW DRIVE,BALTIMORE,21230,2015-06-17 00:00:00,0.0,0.0,39.28154,-76.607698,0.0,0.0,40,6.0
650,3,5,4,,44.0,1,4,650868,PRATT STREET ALE HOUSE,206,WEST PRATT STREET,BALTIMORE,21201-2426,2012-01-13 00:00:00,703.7,253.7,39.28641,-76.61904,703.7,253.7,41,2.0
650,3,5,5,,44.0,1,5,650748,SUPANO'S STEAK HOUSE,110,WATER STREET,BALTIMORE,21202-1001,2011-01-31 00:00:00,225.0,0.0,39.2883776,-76.6130822,225.0,0.0,42,6.0
650,3,10,4,,29.0,1,4,166500111,TACO FIESTA,618,SOUTH EXETER STREET,BALTIMORE,21202,2016-03-04 00:00:00,355.90666666666664,76.85,39.28403330961741,-76.60041712483532,355.90666666666664,76.85,43,7.0
650,1,5,5,,24.0,1,5,650479,BLACK OLIVE RESTAURANT,901,SOUTH BOND STREET,BALTIMORE,21231-3339,2008-05-12 00:00:00,194.08,0.0,39.2805457,-76.594155,194.08,0.0,44,3.0
650,1,13,1,,12.0,1,1,226500018,AKIRA RAMEN - TOWSON,1,EAST JOPPA ROAD,TOWSON,21286,2022-07-20 00:00:00,356.86,0.0,39.401807,-76.601901,356.86,0.0,45,0.0
650,2,18,3,,37.0,1,3,216500041,SWEETGREEN -TOWSON,1,E. JOPPA ROAD,TOWSON,21286,2021-11-30 00:00:00,699.1233333333333,477.40666666666664,39.401807,-76.601901,699.1233333333333,477.40666666666664,46,69.0
650,3,19,2,,38.0,1,2,196500005,NEW GENERATION HOT POT,413,YORK ROAD,TOWSON,21204-5124,2019-01-23 00:00:00,478.2933333333333,0.0,39.3999508,-76.6027091,478.2933333333333,0.0,47,8.0
650,3,16,8,,35.0,1,8,65050330,GLORY DAYS GRILL - TOWSON,1220,EAST JOPPA ROAD,TOWSON,21286,2002-10-23 00:00:00,1074.2366666666667,481.0666666666666,39.3973766,-76.576458,1074.2366666666667,481.0666666666666,48,0.0
650,3,19,3,,38.0,1,3,236500020,KUNG FU 12 SUSHI,416,YORK ROAD,TOWSON,21204,2023-06-19 00:00:00,0.0,0.0,39.399901,-76.6023893,0.0,0.0,49,1.0
650,3,19,4,,38.0,1,4,236500021,PURE RAW JUICE,6809,YORK ROAD,TOWSON,21212-1510,2023-07-17 00:00:00,246.0,0.0,39.37776802040816,-76.60858559183673,246.0,0.0,50,26.0
650,2,15,7,,34.0,1,7,146500261,KATANA SUSHI BALTIMORE,845,SOUTH MONTFORD AVENUE,BALTIMORE,21224-3643,2014-12-16 00:00:00,175.0,0.0,39.2821105,-76.5823748505866,175.0,0.0,51,11.0
650,1,5,8,,24.0,1,8,196500033,NIHAO,2322,BOSTON STREET,BALTIMORE,21224-3601,2019-10-09 00:00:00,663.0866666666666,123.26666666666667,39.28296605,-76.58380164774391,663.0866666666666,123.26666666666667,52,0.0
650,1,5,7,,24.0,1,7,176500002,PENNY BLACK,1800,THAMES STREET,BALTIMORE,21231,2017-02-17 00:00:00,184.0,0.0,39.28210535,-76.5909991,184.0,0.0,53,2.0
650,2,15,5,,34.0,1,5,650778,THAMES STREET OYSTER,1728,THAMES STREET,BALTIMORE,21231,2011-04-18 00:00:00,556.67,0.0,39.281952,-76.59247542857143,556.67,0.0,54,7.0
650,1,5,6,,24.0,1,6,156500195,TWIST FELLS POINT,723,SOUTH BROADWAY,BALTIMORE,21231-3407,2015-06-22 00:00:00,241.1333333333333,0.0,39.28292145,-76.5928142576752,241.1333333333333,0.0,55,3.0
650,2,4,1,,43.0,2,1,650432,EL SALVADOR RESTAURANT,207,SOUTH BROADWAY,BALTIMORE,21231-2406,2007-08-06 00:00:00,393.7033333333333,0.0,39.28899655,-76.59328361415342,393.7033333333333,0.0,56,46.0
650,2,4,2,,43.0,2,2,166500229,ANGIE'S SEAFOOD,1727,EAST PRATT STREET,BALTIMORE,21231-1819,2016-08-26 00:00:00,470.50666666666666,0.0,39.289230775510205,-76.59218397959184,470.50666666666666,0.0,57,1.0
650,3,10,5,,29.0,1,5,650938,GERMANO'S TRATTORIA,300,SOUTH HIGH STREET,BALTIMORE,21202-4333,2012-10-15 00:00:00,0.0,0.0,39.286175,-76.601852,0.0,0.0,58,3.0
650,2,6,7,,25.0,1,7,236500028,NOONA'S PIZZA,1203,WEST MOUNT ROYAL AVENUE,BALTIMORE,21217,2023-11-16 00:00:00,264.49666666666667,27.98333333333333,39.30713524489796,-76.62013279591837,264.49666666666667,27.98333333333333,59,4.0
650,2,15,3,,34.0,1,3,196500020,AMICCIS,231,SOUTH HIGH STREET,BALTIMORE,21202-4454,2019-08-15 00:00:00,715.0,0.0,39.286811615384615,-76.60201969230769,715.0,0.0,60,1.0
650,2,15,2,,34.0,1,2,65092620,LA TAVOLA,248,ALBEMARLE STREET,BALTIMORE,21202-4455,1997-04-08 00:00:00,440.15666666666664,90.76666666666667,39.28647964864865,-76.60263602702703,440.15666666666664,90.76666666666667,61,8.0
650,2,15,6,,34.0,1,6,216500001,ASAHI SUSHI,514 ,SOUTH BROADWAY,BALTIMORE,21231,2021-01-04 00:00:00,0.0,0.0,39.28503015,-76.59391200366802,0.0,0.0,62,4.0
650,2,9,6,,28.0,1,6,236500009,OVENBIRD BAKERY,300,3925 GOUGH STREET,BALTIMORE,21224,2023-03-01 00:00:00,518.2833333333333,164.0,39.289027,-76.557219,518.2833333333333,164.0,63,9.0
650,1,5,4,,24.0,1,4,246500002,ATTMAN'S BALTIMORE,1401,POINT STREET,BALTIMORE,21231,2024-01-08 00:00:00,458.0333333333333,94.7,39.28032546464647,-76.59759663636363,458.0333333333333,94.7,64,8.0
650,3,10,6,,29.0,1,6,216500032,LITTLE DONNA'S ,1812,BANK STREET,BALTIMORE,21231-2506,2021-09-08 00:00:00,323.67333333333335,0.0,39.28689985,-76.59086450627674,323.67333333333335,0.0,65,10.0
650,3,10,7,,29.0,1,7,186500024,CHARMED KITCHEN,123,SOUTH CHESTER STREET,BALTIMORE,21231-2010,2018-09-04 00:00:00,249.0,0.0,39.28970355,-76.5871465776702,249.0,0.0,66,5.0
650,2,4,3,,43.0,2,3,206500015,FRESH EXPRESS,525,NORTH WOLFE STREET,BALTIMORE,21205-2110,2020-12-14 00:00:00,269.0,0.0,39.29673916326531,-76.59066073469388,269.0,0.0,67,0.0
650,3,5,6,,44.0,1,6,196500023,ROD DEE THAI,340,NORTH CHARLES STREET,BALTIMORE,21201,2019-08-19 00:00:00,160.0,0.0,39.29374397058824,-76.61557405882353,160.0,0.0,68,7.0
650,3,5,7,,44.0,1,7,65093622,SOTTO SOPRA,405,NORTH CHARLES STREET,BALTIMORE,21201-0000,1999-07-12 00:00:00,376.87666666666667,0.0,39.29426728571429,-76.61538897959183,376.87666666666667,0.0,69,1.0
650,3,5,8,,44.0,1,8,146500121,IGGIES RESTAURANT,818,NORTH CALVERT STREET,BALTIMORE,21202,2014-08-13 00:00:00,0.0,0.0,39.298976591836734,-76.6131062244898,0.0,0.0,70,0.0
650,1,6,8,,45.0,1,8,176500020,CAFE FILI,816,CATHEDRAL STREET,BALTIMORE,21201,2017-06-05 00:00:00,248.4033333333333,0.0,39.29877297959184,-76.6172796122449,248.4033333333333,0.0,71,0.0
650,1,6,7,,45.0,1,7,216500030,CENTRAL BAR ,885,NORTH HOWARD STREET,BALTIMORE,21201,2021-08-27 00:00:00,0.0,0.0,39.3005658,-76.61984411084745,0.0,0.0,72,10.0
650,1,6,5,,45.0,1,5,196500012,THE TILTED ROW,305,MC MECHEN STREET,BALTIMORE,21217,2019-04-09 00:00:00,547.87,0.0,39.3063278,-76.6285671,547.87,0.0,73,12.0
650,2,6,6,,25.0,1,6,6505398,ON THE HILL CAFE,1431,JOHN STREET,BALTIMORE,21217,2005-06-21 00:00:00,170.56666666666666,0.0,39.3084351,-76.62373859842194,170.56666666666666,0.0,74,17.0
650,2,6,8,,25.0,1,8,186500030,LE COMPTOIR DU VIN,1729,MARYLAND AVENUE,BALTIMORE,21201,2018-10-25 00:00:00,258.43333333333334,30.583333333333332,39.3094941,-76.6175814,258.43333333333334,30.583333333333332,75,0.0
650,3,16,4,,35.0,1,4,216500029,CHURCH BAR,2219 ,MARYLAND AVE,BALTIMORE,21218,2021-08-10 00:00:00,0.0,0.0,39.31489035,-76.61780822625337,0.0,0.0,76,9.0
650,3,16,2,,35.0,1,2,216500015,REMI'S ,300,W. 30TH STREET,BALTIMORE,21211,2021-04-16 00:00:00,0.0,0.0,39.3231862,-76.62315497000586,0.0,0.0,77,11.0
650,1,6,6,,45.0,1,6,226500021,BALTIMORE UNITY HALL,1505,EUTAW PLACE,BALTIMORE,21217,2022-08-11 00:00:00,0.0,0.0,39.3058539,-76.6279523,0.0,0.0,78,1.0
650,3,5,3,,44.0,1,3,236500015,VIDA TACO BAR,333,WEST CAMDEN STREET,BALTIMORE,21201,2023-04-24 00:00:00,88.0,0.0,39.285186333333336,-76.62013566666667,88.0,0.0,79,16.0
650,1,19,5,,18.0,1,5,196500014,ROOTS NATURAL KITCHEN,120,EAST MAIN STREET,NEWARK,19711,2019-05-16 00:00:00,503.89666666666665,0.0,39.68352895635361,-75.74798402660313,503.89666666666665,0.0,80,2.0
650,1,19,1,,18.0,2,1,65040669,NEWARK COUNTRY CLUB,300,WEST MAIN STREET,NEWARK,19711-3218,2006-04-12 00:00:00,175.26333333333332,0.0,39.68577046389783,-75.76333254213104,175.26333333333332,0.0,81,0.0
650,1,16,3,,15.0,1,3,650419,LA CUCINA RESTAURANT,103,NORTH WASHINGTON STREET,HAVRE DE GRACE,21078,2007-05-16 00:00:00,386.66333333333336,0.0,39.54785966321027,-76.089645,386.66333333333336,0.0,82,327.0
650,1,16,2,,15.0,1,2,226500025,FIESTA MAYA MEXICAN GRILL,200,PENCADER PLAZA,NEWARK,19711,2022-09-21 00:00:00,261.27,0.0,39.659172,-75.736935,261.27,0.0,83,73.0
650,3,12,1,,11.0,1,1,196500021,VINCES CRAB HOUSE,2108,FALLSTON ROAD,FALLSTON,21047-1442,2019-08-23 00:00:00,293.58666666666664,0.0,39.53285549593496,-76.44794715447155,293.58666666666664,0.0,84,0.0
650,1,20,3,,39.0,1,3,156500333,TACOS TOLTECA,2823,BELAIR ROAD,FALLSTON,21047,2015-08-21 00:00:00,416.6866666666666,93.41666666666667,39.48477335790216,-76.40085208865857,416.6866666666666,93.41666666666667,85,67.0
650,3,18,2,,17.0,1,2,226500014,RAVAGE DELI,9636,BELAIR ROAD,NOTTINGHAM,21236,2022-07-11 00:00:00,240.0,0.0,39.412228612244895,-76.46468681632652,240.0,0.0,86,10.0
650,1,13,6,,12.0,1,6,65023694,CHOPSTIX CAFE,5002,HONEYGO CENTER DRIVE,PERRY HALL ,21128,2004-09-21 00:00:00,245.0,0.0,39.4050555,-76.4434178,245.0,0.0,87,86.0
650,3,18,4,,17.0,1,4,196500015,EL SALTO - PERRY HALL,4335,EBENEZER ROAD,PERRY HALL ,21236-2143,2019-05-16 00:00:00,562.9,37.766666666666666,39.39763122857144,-76.47651831428571,562.9,37.766666666666666,88,17.0
650,1,13,2,,12.0,2,2,166500243,EDORRITO ASIAN BISTRO,5203,CAMPBELL BOULEVARD,NOTTINGHAM,21236,2016-10-25 00:00:00,246.0,0.0,39.36984250507985,-76.45448497010557,246.0,0.0,89,0.0
650,3,15,7,,14.0,1,7,166500236,LEDO PIZZA OF WHITE MARSH,5350,CAMPBELL BOULEVARD,NOTTINGHAM,21236-4914,2016-09-26 00:00:00,545.5166666666667,295.51666666666665,39.3677221,-76.4496147,545.5166666666667,295.51666666666665,90,45.0
650,3,18,3,,17.0,1,3,650721,FRIENDLY'S PERRY HALL,9551,BELAIR ROAD,NOTTINGHAM,21236-1509,2010-12-03 00:00:00,179.72333333333333,88.22,39.41006334693878,-76.46689202040815,179.72333333333333,88.22,91,4.0
650,3,18,5,,17.0,1,5,650890,YAMA SUSHI PERRY HALL,4347,EBENEZER ROAD,NOTTINGHAM,21236-2143,2012-05-04 00:00:00,190.0,0.0,39.39758905714286,-76.47637482857142,190.0,0.0,92,1.0
650,3,18,1,,17.0,1,1,166500206,TASTE OF TAJ,9810,BELAIR ROAD,PERRY HALL ,21128,2016-04-29 00:00:00,179.0,0.0,39.4191206,-76.45756043173098,179.0,0.0,93,0.0
650,1,16,1,,15.0,1,1,226500017,PLAZA AZTECA,928,BEAR CORBITT ROAD,NEWARK,19702,2022-07-11 00:00:00,1060.6366666666665,0.0,39.631134,-75.660544,1060.6366666666665,0.0,94,0.0
650,1,19,2,,18.0,1,2,166500225,HIBACHI GRILL & SUPREME SUSHI BUFFET,4403,KIRKWOOD HIGHWAY,WILMINGTON,19808,2016-07-29 00:00:00,729.1733333333333,0.0,39.72686892857143,-75.65189109183673,729.1733333333333,0.0,95,124.0
650,1,19,3,,18.0,1,3,216500002,KUNGFU HOTPOT ,230 ,EAST MAIN STREET,NEWARK,19711,2021-01-04 00:00:00,336.4433333333333,0.0,39.68375608623192,-75.74510077443578,336.4433333333333,0.0,96,94.0
650,1,19,4,,18.0,1,4,216500004,FREDDY'S WINGS AND WRAPS ,174,EAST MAIN STREET,NEWARK,19711-7309,2021-01-11 00:00:00,220.0,0.0,39.683651074852165,-75.74628158476214,220.0,0.0,97,2.0
650,1,19,1,,18.0,1,1,236500023,MISSION BBQ - WILMINGTON,3662,CONCORD PIKE,WILMINGTON,19803,2023-07-17 00:00:00,550.0433333333333,80.16,39.80402653837631,-75.54830194557644,550.0433333333333,80.16,98,0.0
650,1,16,4,,15.0,1,4,65094609,LEE'S HUNAN,971,BEARDS HILL ROAD,ABERDEEN,21001,1990-05-03 00:00:00,244.20666666666665,0.0,39.5246324,-76.1801638,244.20666666666665,0.0,99,82.0
650,1,16,5,,15.0,1,5,650820,LA TOLTECA ABERDEEN,984,HOSPITALITY WAY,ABERDEEN,21001-1779,2011-08-25 00:00:00,666.69,0.0,39.52385341625908,-76.18447638307886,666.69,0.0,100,0.0
650,2,17,1,,16.0,1,1,6501052,LEE'S ASIAN BISTRO,1408,HANDLIR DRIVE,BEL AIR,21015-6600,2013-09-12 00:00:00,222.71666666666667,12.716666666666667,39.48095684052067,-76.25439227647641,222.71666666666667,12.716666666666667,101,0.0
650,2,17,6,,16.0,1,6,216500019,VENETIAN ITALIAN EATERY,1901,TREE TOP DRIVE,EDGEWOOD,21040-1632,2021-06-04 00:00:00,541.4933333333333,20.833333333333332,39.434716,-76.313933,541.4933333333333,20.833333333333332,102,21.0
650,2,17,7,,16.0,1,7,156500405,LA TOLTECA JOPPA,1411,MOUNTAIN ROAD,EDGEWOOD,21085,2015-12-03 00:00:00,519.23,0.0,39.43920765,-76.34498208632701,519.23,0.0,103,0.0
650,2,17,5,,16.0,1,5,176500019,ISLAND SPICE CUISINE,2120,EMMORTON PARK ROAD,EDGEWOOD,21040-1066,2017-05-24 00:00:00,612.0166666666667,325.25,39.45267831104635,-76.30969916743928,612.0166666666667,325.25,104,17.0
650,3,12,3,,11.0,1,3,650596,CHOPSTIX GOURMET FOREST HILL,1523,ROCK SPRING ROAD,FOREST HILL,21050-2855,2009-11-25 00:00:00,269.32,0.0,39.56143385,-76.37054512046561,269.32,0.0,105,23.0
650,1,4,1,,3.0,1,1,650827,LA TOLTECA BEL AIR,2350,EAST CHURCHVILLE ROAD,BEL AIR,21015-1721,2011-09-07 00:00:00,287.42333333333335,0.0,39.555704,-76.274603,287.42333333333335,0.0,106,0.0
650,3,12,2,,11.0,1,2,650740,ENOTRIA,2,NEWPORT DRIVE,FOREST HILL,21050-1642,2011-01-19 00:00:00,397.35,27.35,39.578479,-76.385217,397.35,27.35,107,184.0
650,3,12,4,,11.0,1,4,176500029,ECHO FREZCO FOREST HILL,1517,ROCK SPRING ROAD,FOREST HILL,21050,2017-09-19 00:00:00,368.6633333333333,9.216666666666667,39.5608485,-76.3695493,368.6633333333333,9.216666666666667,108,2.0
650,3,12,5,,11.0,1,5,176500006,KIYOMI SUSHI,1443,ROCK SPRING ROAD,BEL AIR,21014,2017-03-03 00:00:00,195.0,0.0,39.55745177777778,-76.36963822222222,195.0,0.0,109,4.0
650,3,12,2,,11.0,2,2,216500043,LEDO PIZZA OF BELAIR,331,BALTIMORE PIKE,BEL AIR,21014,2021-12-21 00:00:00,0.0,0.0,39.52984815,-76.34988680000001,0.0,0.0,110,8.0
650,3,12,3,,11.0,2,3,156500439,RAINBOW KING,554,BALTIMORE PIKE,BEL AIR,21014,2015-12-21 00:00:00,239.26,0.0,39.525434,-76.355616,239.26,0.0,111,0.0
650,1,4,5,,3.0,1,5,650657,FRIENDLY'S HARFORD MALL,696,BELAIR ROAD,BEL AIR,21014,2010-06-07 00:00:00,115.31333333333332,43.99,39.5081972,-76.3809161,115.31333333333332,43.99,112,1.0
650,1,20,1,,39.0,1,1,6501086,INDIA GARDEN,5,BEL AIR SOUTH PARKWAY,BEL AIR,21015,2014-03-31 00:00:00,149.0,0.0,39.49734305,-76.32561231932084,149.0,0.0,113,0.0
650,2,17,4,,16.0,1,4,650996,LEMON N' GINGER,3491,MERCHANT BOULEVARD,ABINGDON,21009,2013-03-29 00:00:00,347.62,0.0,39.46703525,-76.30778879280837,347.62,0.0,114,33.0
650,3,18,6,,17.0,1,6,65065391,CHINA WOK,7916,HONEYGO BOULEVARD,NOTTINGHAM,21236,2004-06-15 00:00:00,181.0,0.0,39.3741892,-76.4722308,181.0,0.0,115,27.0
650,1,20,2,,39.0,1,2,236500011,LATITUDE SEAFOOD,5,BEL AIR SOUTH PARKWAY,BEL AIR,21015-6094,2023-03-06 00:00:00,1663.4333333333332,674.4333333333333,39.49734305,-76.32561231932084,1663.4333333333332,674.4333333333333,116,1.0
650,1,4,3,,3.0,1,3,246500003,AKIRA RAMEN BEL AIR,111,NORTH TOLLGATE ROAD,BEL AIR,21014,2024-01-09 00:00:00,92.23666666666666,0.0,39.524085125,-76.360048875,92.23666666666666,0.0,117,6.0
650,3,5,2,,44.0,1,2,246500007,FLOCK,1415,WASHINGTON BOULEVARD,BALTIMORE,21230-1830,2024-01-25 00:00:00,106.85,31.516666666666666,39.2792382,-76.63690598028236,106.85,31.516666666666666,118,33.0
650,2,11,1,,10.0,1,1,650585,KATANA SUSHI MT. AIRY,1311,SOUTH MAIN STREET,MT AIRY,21771-5330,2009-10-21 00:00:00,210.0,0.0,39.3667765,-77.16451552133154,210.0,0.0,119,0.0
650,2,11,5,,10.0,1,5,146500095,OLDE TOWN RESTAURANT,206,SOUTH MAIN STREET,MT AIRY,21771,2014-07-23 00:00:00,185.73333333333332,0.0,39.376213073789934,-77.15518158473427,185.73333333333332,0.0,120,15.0
650,2,11,2,,10.0,1,2,650729,MAMMA ANGELA,5,RIDGESIDE COURT,MT AIRY,21771,2010-11-23 00:00:00,100.06666666666666,0.0,39.36373987281489,-77.16465033360105,100.06666666666666,0.0,121,4.0
650,2,11,4,,10.0,1,4,650968,LEDO PIZZA OF MT. AIRY,520,EAST RIDGEVILLE BOULEVARD,MT AIRY,21771-5252,2013-01-17 00:00:00,175.0,0.0,39.36452093503843,-77.16234528968079,175.0,0.0,122,2.0
650,1,6,3,,45.0,1,3,176500034,IHOP CATONSVILLE,5525,BALTIMORE NATIONAL PIKE,CATONSVILLE,21228-1553,2017-12-22 00:00:00,180.6,90.3,39.2897385,-76.7225835,180.6,90.3,123,10.0
650,2,11,3,,10.0,1,3,236500022,LOS AZTECAS II,1604,RIDGESIDE DRIVE,MT AIRY,21771-5240,2023-07-19 00:00:00,523.7266666666666,0.0,39.36351145747056,-77.1631138482343,523.7266666666666,0.0,124,2.0
650,2,10,1,,49.0,1,1,216500006,PHO 5UP,11200,SCAGGSVILLE ROAD,LAUREL,20723,2021-02-03 00:00:00,237.32333333333332,0.0,39.146139,-76.903038,237.32333333333332,0.0,125,0.0
650,2,10,2,,49.0,1,2,6501075,GINZA OF TOKYO,7530,MONTPELIER ROAD,LAUREL,20723,2014-01-20 00:00:00,299.5566666666667,0.0,39.160817858143,-76.89267848301587,299.5566666666667,0.0,126,19.0
650,1,9,2,,48.0,2,2,650796,ASIAN PALACE,10801,HICKORY RIDGE ROAD,COLUMBIA,21044,2011-06-08 00:00:00,246.5933333333333,0.0,39.20951865,-76.885607,246.5933333333333,0.0,127,0.0
650,1,2,4,,21.0,1,4,206500001,AKIRA RAMEN - COLUMBIA ,10101,TWIN RIVERS ROAD,COLUMBIA,21044,2020-01-15 00:00:00,522.1033333333334,36.46666666666667,39.21538030128092,-76.86498975396958,522.1033333333334,36.46666666666667,128,11.0
650,1,2,5,,21.0,1,5,186500020,BONCHON COLUMBIA,10100,TWIN RIVERS ROAD,COLUMBIA,21044,2018-07-03 00:00:00,315.6166666666667,49.88333333333333,39.215878,-76.8650884,315.6166666666667,49.88333333333333,129,1.0
650,1,2,6,,21.0,1,6,206500002,URBAN HOT POT ,10100,TWIN RIVERS ROAD,COLUMBIA,21044,2020-01-15 00:00:00,373.41666666666663,76.15,39.215878,-76.8650884,373.41666666666663,76.15,130,1.0
650,1,2,7,,21.0,1,7,246500004,TAKUMI SUSHI & BAR - COLUMBIA,10300,LITTLE PATUXENT PARKWAY,COLUMBIA,21044,2024-01-09 00:00:00,0.0,0.0,39.2158379,-76.85999538624932,0.0,0.0,131,5.0
650,3,13,4,,32.0,1,4,6501076,IHOP JESSUP,7351,ASSATEAGUE DRIVE,JESSUP,20794,2014-01-29 00:00:00,179.16666666666666,89.58333333333333,39.1693664,-76.7865912,179.16666666666666,89.58333333333333,132,42.0
650,3,4,6,,23.0,1,6,176500030,IHOP COLUMBIA,8825,CENTRE PARK DRIVE,COLUMBIA,21045-2134,2017-11-24 00:00:00,171.58666666666664,85.79333333333332,39.22741605471845,-76.81483105386755,171.58666666666664,85.79333333333332,133,35.0
650,1,2,3,,21.0,1,3,216500014,DOK KHAO THAI EATERY,6000,MERRIWEATHER DRIVE,COLUMBIA,21044-3744,2021-04-16 00:00:00,854.4766666666666,71.7,39.206636,-76.8618812,854.4766666666666,71.7,134,1.0
650,1,2,2,,21.0,1,2,236500002,PETER CHANG,6000,MERRIWEATHER DRIVE,COLUMBIA,21044-3744,2023-01-02 00:00:00,618.2,0.0,39.206636,-76.8618812,618.2,0.0,135,1.0
650,1,2,1,,21.0,1,1,236500014,CLOVE & CARDAMOM,6000,MERRIWEATHER DRIVE,COLUMBIA,21044,2023-05-08 00:00:00,204.72666666666666,0.0,39.206636,-76.8618812,204.72666666666666,0.0,136,0.0
650,3,13,3,,32.0,1,3,166500223,BLACK FLAG BREWING COMPANY,9315,SNOWDEN RIVER PARKWAY,COLUMBIA,21046,2016-07-19 00:00:00,240.68333333333334,10.683333333333334,39.1744335,-76.83421667211897,240.68333333333334,10.683333333333334,137,8.0
650,3,13,1,,32.0,1,1,226500015,LOST ARK DISTILLING,9570,BERGER ROAD,COLUMBIA,21046,2022-07-11 00:00:00,259.0,0.0,39.1732566,-76.84434150986478,259.0,0.0,138,0.0
650,2,20,2,,19.0,1,2,166500220,THE HIDEOUT,9855,WASHINGTON BOULEVARD NORTH,LAUREL,20707,2016-07-08 00:00:00,538.85,74.85,39.115075,-76.832013,538.85,74.85,139,33.0
650,2,20,5,,19.0,1,5,65077242,HUNAN L' ROSE RESTAURANT,1131,ANNAPOLIS ROAD,ODENTON,21113,2006-04-24 00:00:00,376.43,0.0,39.08087262192928,-76.6885057241102,376.43,0.0,140,33.0
650,2,20,1,,19.0,2,1,166500224,THREE BROTHERS ITALIAN RESTAURANT ODENTON,1139,ANNAPOLIS ROAD,ODENTON,21113,2016-07-20 00:00:00,334.2966666666666,10.416666666666666,39.08105089240486,-76.68879927616,334.2966666666666,10.416666666666666,141,1.0
650,2,20,4,,19.0,1,4,236500027,THE ALL AMERICAN STEAKHOUSE - ODENTON,1502,ANNAPOLIS ROAD,ODENTON,21113-1001,2023-09-28 00:00:00,1155.3166666666666,191.31666666666666,39.09700004092381,-76.720449193036,1155.3166666666666,191.31666666666666,142,71.0
650,2,20,2,,19.0,2,2,236500016,PHO 5UP - ODENTON,2288,BLUE WATER BLVD ,ODENTON,21113,2023-05-04 00:00:00,246.0,0.0,39.10181955,-76.71869130196436,246.0,0.0,143,0.0
650,3,2,1,,41.0,1,1,6502791,FORTUNE COOKY RESTAURANT,7978,CRAIN HIGHWAY SOUTH,GLEN BURNIE ,21061,2006-01-26 00:00:00,226.76,0.0,39.131330380952384,-76.63882647619047,226.76,0.0,144,0.0
650,3,7,1,,26.0,2,1,650780,FRIENDLY'S CRAIN HIGHWAY,412,CRAIN HIGHWAY SOUTH,GLEN BURNIE,21061-3645,2011-04-19 00:00:00,81.58,27.123333333333335,39.159217155840864,-76.62832334706331,81.58,27.123333333333335,145,15.0
650,3,1,5,,20.0,1,5,650924,EAST MOON ASIAN BISTRO & SUSHI,7400,RITCHIE HIGHWAY,GLEN BURNIE ,21061,2012-08-08 00:00:00,210.0,0.0,39.167362,-76.622206,210.0,0.0,146,8.0
650,3,2,2,,41.0,1,2,176500028,MALI THAI RESTAURANT,7477,BALTIMORE ANNAPOLIS BOULEVARD,GLEN BURNIE ,21061,2017-09-08 00:00:00,210.0,0.0,39.16402421230792,-76.6239972123079,210.0,0.0,147,39.0
650,3,7,3,,26.0,1,3,650691,FRIENDLY'S PASADENA,4189,MOUNTAIN ROAD,PASADENA,21122,2010-08-24 00:00:00,102.22666666666666,37.446666666666665,39.12245557852816,-76.51562643658276,102.22666666666666,37.446666666666665,148,3.0
650,3,7,4,,26.0,1,4,236500026,PHO DENA ,4141,MOUNTAIN ROAD,PASADENA,21122-4455,2023-09-21 00:00:00,164.0,0.0,39.122646586953856,-76.51645379960941,164.0,0.0,149,1.0
650,3,1,7,,20.0,1,7,650782,FRIENDLY'S RITCHIE HIGHWAY,7134,RITCHIE HIGHWAY,GLEN BURNIE ,21061-2904,2011-04-19 00:00:00,132.1233333333333,65.07,39.17903824,-76.6154626,132.1233333333333,65.07,150,11.0
650,3,1,6,,20.0,1,6,146500170,SAKE JAPANESE RESTAURANT & SUSHI BAR,7315,GOVERNOR RITCHIE HIGHWAY,GLEN BURNIE ,21061-3104,2014-09-18 00:00:00,496.5433333333333,0.0,39.17061075,-76.620399,496.5433333333333,0.0,151,4.0
650,3,1,4,,20.0,1,4,650649,MI PUEBLO,7556,RITCHIE HIGHWAY,GLEN BURNIE ,21061-3717,2010-05-05 00:00:00,450.58666666666664,0.0,39.16054213873699,-76.62059097260442,450.58666666666664,0.0,152,10.0
650,3,1,8,,20.0,1,8,226500010,MI PUEBLITO,6914,RITCHIE HWY,GLEN BURNIE ,21061,2022-06-09 00:00:00,603.4966666666667,0.0,39.18628024320308,-76.6130124038481,603.4966666666667,0.0,153,0.0
650,1,11,5,,30.0,1,5,186500005,VILLA FLORES RESTAURANT,7693,BALTIMORE ANNAPOLIS BOULEVARD,GLEN BURNIE ,21060-7554,2018-02-22 00:00:00,299.92333333333335,0.0,39.15337984015706,-76.59669744153275,299.92333333333335,0.0,154,0.0
650,1,3,7,,42.0,1,7,650496,CITY VIEW RESTAURANT,6700,SECURITY BOULEVARD,WOODLAWN,21207-4038,2008-07-21 00:00:00,486.2,42.2,39.3130592,-76.7414199,486.2,42.2,155,0.0
650,3,5,1,,44.0,1,1,236500029,EDEN SPORTS BAR & GRILL,1401,BLOOMFIELD AVENUE,BALTIMORE,21227-1076,2023-12-15 00:00:00,73.0,0.0,39.261813,-76.666579,73.0,0.0,156,0.0
650,1,3,6,,42.0,1,6,650928,LAS VEGAS OF WOODLAWN,7091,SECURITY BOULEVARD,WOODLAWN,21244-2562,2012-09-11 00:00:00,240.0,0.0,39.31315761026151,-76.75389823625224,240.0,0.0,157,28.0
650,3,4,7,,23.0,1,7,226500012,THE CRAZY MASON MILKSHAKE BAR,8225,MAIN STREET,ELLICOTT CITY,21043,2022-06-29 00:00:00,314.93333333333334,17.933333333333334,39.26752456571269,-76.79843154164158,314.93333333333334,17.933333333333334,158,47.0
650,3,4,8,,23.0,1,8,186500038,UMI SUSHI,8167,MAIN STREET,ELLICOTT CITY,21043,2018-12-28 00:00:00,380.0,0.0,39.2672515,-76.797262,380.0,0.0,159,0.0
650,1,9,1,,48.0,2,1,650500,RANAZUL,6420,FREETOWN ROAD SUITE 120,COLUMBIA,21044-4062,2008-09-02 00:00:00,265.5833333333333,89.91666666666667,39.194886,-76.883458,265.5833333333333,89.91666666666667,160,65.0
650,2,4,4,,43.0,1,4,650422,STONE MILL GOURMET TO GO,10751,FALLS ROAD,LUTHERVILLE ,21093-3619,2007-05-25 00:00:00,327.25,0.0,39.419999,-76.66981,327.25,0.0,161,56.0
650,2,1,8,,40.0,1,8,6501084,EUROPE RESTAURANT,4147,LABYRINTH ROAD,BALTIMORE,21215-2202,2014-02-17 00:00:00,321.42333333333335,0.0,39.3592419,-76.70777211541375,321.42333333333335,0.0,162,0.0
650,2,1,7,,40.0,1,7,650639,DAVID CHU'S,7105,REISTERSTOWN ROAD,BALTIMORE ,21215-1424,2010-04-09 00:00:00,305.0,0.0,39.363587,-76.71166908165506,305.0,0.0,163,9.0
650,2,1,4,,40.0,1,4,196500001,PUNTA CANA RESTAURANT,1330,REISTERSTOWN ROAD,PIKESVILLE,21208,2018-12-31 00:00:00,0.0,0.0,39.3758082,-76.7248187,0.0,0.0,164,2.0
650,2,1,3,,40.0,1,3,176500032,BRAVO RESTAURANT,1430,REISTERSTOWN ROAD,PIKESVILLE,21208-3843,2017-12-14 00:00:00,283.39666666666665,0.0,39.3769146,-76.7255024,283.39666666666665,0.0,165,55.0
650,2,1,6,,40.0,1,6,186500034,DOMINO'S PIZZA PIKESVILLE #4629,607,REISTERSTOWN ROAD,PIKESVILLE,21208-5115,2018-12-17 00:00:00,195.0,0.0,39.369819,-76.7178578,195.0,0.0,166,5.0
650,3,7,2,,26.0,2,2,650661,LOS PORTALES,6938,AVIATION BOULEVARD,GLEN BURNIE ,21061-2576,2010-06-11 00:00:00,445.0,0.0,39.17533485,-76.64783684218702,445.0,0.0,167,25.0
650,1,8,1,,27.0,1,1,206500011,ROYAL SPICE ,810,NURSERY ROAD,LINTHICUM HEIGHTS,21090-1304,2020-10-20 00:00:00,278.88,35.85,39.22455946002723,-76.6624271331047,278.88,35.85,168,0.0
650,2,3,4,,22.0,1,4,156500201,TORO BRAVO,802,PINNACLE DRIVE,LINTHICUM HEIGHTS,21090,2015-06-25 00:00:00,315.58,0.0,39.21604575,-76.67763417580792,315.58,0.0,169,16.0
650,3,7,3,,26.0,2,3,650597,WILLY'S RESTAURANT,7271,BALTIMORE ANNAPOLIS BOULEVARD,GLEN BURNIE ,21061,2009-12-21 00:00:00,205.34,0.0,39.179696,-76.638466,205.34,0.0,170,0.0
650,2,3,3,,22.0,1,3,186500013,GLORY DAYS GRILL - LINTHICUM,1616,WEST NURSERY ROAD,LINTHICUM HEIGHTS,21090,2018-05-15 00:00:00,1350.9266666666665,880.5666666666666,39.2024611,-76.6832934,1350.9266666666665,880.5666666666666,171,40.0
650,1,13,3,,12.0,1,3,216500028,KABUTO - JOPPA ,8810 ,WALTHAM WOODS ROAD,PARKVILLE,21234,2021-08-12 00:00:00,374.9033333333333,38.56666666666666,39.400125,-76.541526,374.9033333333333,38.56666666666666,172,16.0
650,2,18,1,,37.0,2,1,650485,VALENTINO'S RESTAURANT,6627,HARFORD ROAD,BALTIMORE,21214-1306,2008-06-04 00:00:00,812.7166666666666,12.716666666666667,39.36275734693877,-76.55232414285715,812.7166666666666,12.716666666666667,173,15.0
650,2,18,5,,37.0,1,5,156500378,SILVER QUEEN CAFE,5427,HARFORD ROAD,BALTIMORE,21214-2217,2015-10-13 00:00:00,290.36,20.166666666666664,39.3517351625,-76.5621095125,290.36,20.166666666666664,174,10.0
650,2,18,4,,37.0,1,4,226500032,CAFE CAMPLI,4801,HARFORD ROAD,BALTIMORE,21214-2935,2022-12-05 00:00:00,300.8333333333333,60.833333333333336,39.3446876,-76.56740402433003,300.8333333333333,60.833333333333336,175,71.0
650,1,14,5,,33.0,1,5,650561,G.L. SHACKS CATONSVILLE,583,FREDERICK ROAD,CATONSVILLE,21228,2009-05-20 00:00:00,600.0766666666666,174.85,39.272648,-76.72834999999999,600.0766666666666,174.85,176,83.0
650,1,6,2,,45.0,1,2,65035326,PHO 1,5764,BALTIMORE NATIONAL PIKE,CATONSVILLE,21228,2003-08-28 00:00:00,302.33666666666664,31.65,39.28775234693877,-76.73352155102042,302.33666666666664,31.65,177,19.0
650,1,14,1,,33.0,2,1,196500002,THAI HEAVEN RESTAURANT,6413,FREDERICK ROAD,CATONSVILLE,21228-3504,2019-01-07 00:00:00,230.0,0.0,39.275203,-76.717772,230.0,0.0,178,10.0
650,2,9,8,,28.0,1,8,650892,ROSARIO'S RESTAURANT,7301,PULASKI HIGHWAY,ROSEDALE,21237-2527,2012-05-15 00:00:00,863.9133333333332,0.0,39.310473,-76.529155,863.9133333333332,0.0,179,0.0
650,1,14,2,,33.0,2,2,236500006,TUERK HOUSE,730,ASHBURTON STREET,BALTIMORE,21216-4703,2023-01-10 00:00:00,386.2033333333333,0.0,39.2968731,-76.6616496,386.2033333333333,0.0,180,54.0
650,3,16,5,,35.0,1,5,216500031,SAKOON INDIAN FUSION,3105 B,ST. PAUL STREET,BALTIMORE,21218,2021-09-07 00:00:00,189.0,0.0,39.3171237,-76.6153514,189.0,0.0,181,4.0
650,2,4,5,,43.0,1,5,65040034,CHARLES VILLAGE PUB ,3107,SAINT PAUL STREET,BALTIMORE,21218-3841,2002-03-14 00:00:00,272.25666666666666,0.0,39.32615125,-76.61555283665302,272.25666666666666,0.0,182,115.0
650,2,9,3,,28.0,1,3,65086721,TAMBERS NIFTY FIFTY,3327,SAINT PAUL STREET,BALTIMORE,21218-3254,2006-05-16 00:00:00,185.0,0.0,39.329088600000006,-76.61568166206422,185.0,0.0,183,9.0
650,2,9,2,,28.0,1,2,166500205,CYPRIANA ,105,WEST 39TH STREET,BALTIMORE,21210,2016-04-28 00:00:00,827.2166666666666,88.21666666666667,39.33564751020408,-76.62062393877551,827.2166666666666,88.21666666666667,184,8.0
650,3,16,6,,35.0,1,6,226500016,KAJIKEN,7,EAST 33RD STREET,BALTIMORE,21218,2022-07-15 00:00:00,298.45,0.0,39.32798281632653,-76.61650902040816,298.45,0.0,185,13.0
650,2,9,4,,28.0,1,4,236500019,TOKI UNDERGROUND,2731,GREENMOUNT AVENUE,BALTIMORE,21218-4496,2023-06-21 00:00:00,277.18333333333334,31.183333333333334,39.3216132,-76.60929475,277.18333333333334,31.183333333333334,186,10.0
650,1,7,3,,6.0,1,3,186500027,DOMINO'S PIZZA CHAMBERSBURG #4776,1515,LINCOLN WAY EAST,CHAMBERSBURG,17202-3316,2018-09-21 00:00:00,205.0,0.0,39.925843,-77.616198,205.0,0.0,187,9.0
650,1,7,2,,6.0,1,2,216500026,LEDO PIZZA OF CHAMBERSBURG,1300,LINCOLN WAY EAST,CHAMBERSBURG,17202,2021-07-12 00:00:00,266.1333333333333,41.13333333333333,39.926722,-77.626236,266.1333333333333,41.13333333333333,188,26.0
650,1,7,1,,6.0,1,1,216500042,DOMINO'S PIZZA CHAMBERSBURG #4775,408,E. QUEEN STREET,CHAMBERSBURG,17201,2021-12-01 00:00:00,244.0,0.0,39.93481,-77.65412371428572,244.0,0.0,189,0.0
650,3,6,2,,5.0,1,2,650942,AKI JAPANESE STEAKHOUSE,1150,CARLISLE STREET,HANOVER,17331,2012-10-17 00:00:00,378.71,0.0,39.82084230921007,-76.99629060811658,378.71,0.0,190,201.0
650,2,2,4,,1.0,1,4,650512,THE SODA JERK DINER,403,EAST MAIN STREET,HUMMELSTOWN,17036-1861,2008-10-20 00:00:00,750.0,0.0,40.26577853105634,-76.69750978835792,750.0,0.0,191,23.0
650,2,2,3,,1.0,1,3,206500013,SIMPLY GREEK,23,BRIARCREST SQUARE,HUMMELSTOWN,17033,2020-10-22 00:00:00,220.0,0.0,40.2694437,-76.6713176,220.0,0.0,192,123.0
650,2,2,1,,1.0,2,1,246500006,ICHIBAN,1870,FRUITVILLE PIKE,LANCASTER,17601,2024-01-23 00:00:00,142.13333333333333,42.46666666666667,40.072011,-76.32073,142.13333333333333,42.46666666666667,193,0.0
650,2,2,5,,1.0,1,5,216500037,MISSION BBQ - LANCASTER ,2002,FRUITVILLE PIKE,LANCASTER,17601-7200,2021-11-17 00:00:00,875.2533333333332,44.53333333333334,40.075607,-76.324402,875.2533333333332,44.53333333333334,194,382.0
650,1,7,4,,6.0,1,4,196500026,MISSION BBQ - CAMP HILL ,25,NORTH 32ND STREET,MECHANICSBURG,17011-2918,2019-08-12 00:00:00,1053.6333333333332,53.44,40.24076344897959,-76.93477571428572,1053.6333333333332,53.44,195,678.0
650,3,6,1,,5.0,1,1,216500022,J & J'S ASIAN RESTAURANT ,34,BALTIMORE STREET,GETTYSBURG,17325,2021-07-01 00:00:00,0.0,0.0,39.83000295,-77.23082159997023,0.0,0.0,196,0.0
650,2,2,1,,1.0,1,1,176500009,MISSION BBQ HARRISBURG,5045,JONESTOWN ROAD,HARRISBURG,17112-2922,2017-03-29 00:00:00,641.6533333333333,35.626666666666665,40.30812918842734,-76.80440822576594,641.6533333333333,35.626666666666665,197,0.0
650,2,2,2,,1.0,1,2,196500035,DOMINO'S PIZZA HARRISBURG,479,EISENHOWER BOULEVARD,HARRISBURG,17111-2302,2019-12-17 00:00:00,239.0,0.0,40.25009048030922,-76.81355224918207,239.0,0.0,198,66.0
650,3,3,7,,2.0,1,7,196500017,J&B'S GRILL ,14,NORTH MAIN STREET,SHREWSBURY,17361-1322,2019-06-20 00:00:00,216.63666666666668,0.0,39.7691774,-76.6802365,216.63666666666668,0.0,199,177.0
650,3,3,1,,2.0,2,1,176500014,ECHO FREZCO SHREWSBURY,634,SHREWSBURY COMMONS AVENUE,SHREWSBURY,17361,2017-04-13 00:00:00,215.0,0.0,39.7704283,-76.6700186,215.0,0.0,200,0.0
650,3,3,5,,2.0,1,5,196500007,DOMINO'S PIZZA YORK #4785,1539,MOUNT ROSE AVENUE,YORK,17403,2019-01-30 00:00:00,195.0,0.0,39.95888293939262,-76.6948477327683,195.0,0.0,201,25.0
650,3,3,2,,2.0,1,2,6501030,MISSION BBQ YORK,970,LOUCKS ROAD,YORK,17404-2273,2013-06-26 00:00:00,1053.6333333333332,53.44,39.97947843505225,-76.75380567096144,1053.6333333333332,53.44,202,13.0
650,3,3,4,,2.0,1,4,650994,GUADALAJARA RESTAURANT,2600,EAST MARKET STREET,YORK,17402-2425,2013-04-03 00:00:00,215.0,0.0,39.975044902757965,-76.67561651442337,215.0,0.0,203,49.0
650,1,7,5,,6.0,1,5,186500032,DOMINO'S PIZZA YORK  #4778,930,SOUTH RICHLAND AVENUE,YORK,17403,2018-12-17 00:00:00,269.42333333333335,0.0,39.94343837763737,-76.74044652884373,269.42333333333335,0.0,204,370.0
650,3,3,1,,2.0,1,1,186500033,DOMINO'S PIZZA YORK #4783,351,LOUCKS ROAD,YORK,17404,2018-12-17 00:00:00,319.84,0.0,39.9847061,-76.7410469,319.84,0.0,205,0.0
650,3,3,3,,2.0,1,3,176500027,DISTRICT THAI,1057,NORTH GEORGE STREET,YORK,17404,2017-09-08 00:00:00,271.25,31.25,39.97752040625,-76.732979125,271.25,31.25,206,18.0
650,3,3,6,,2.0,1,6,236500024,AA TO ZZ CHILD CARE,215,SAINT CHARLES WAY,YORK,17402-4643,2023-09-11 00:00:00,165.7,0.0,39.92731292656178,-76.69473382285861,165.7,0.0,207,36.0
650,2,8,1,,7.0,1,1,166500222,KECCO'S NEOPOLITAN,114,WESTMINSTER PIKE,REISTERSTOWN,21136,2016-07-15 00:00:00,368.16666666666663,51.75,39.4735969,-76.83325639632353,368.16666666666663,51.75,208,0.0
650,2,8,2,,7.0,1,2,156500214,MESSIAH COMMUNITY CHURCH,909,BERRYMANS LANE,REISTERSTOWN,21136-6010,2015-06-29 00:00:00,0.0,0.0,39.43243285,-76.83481175451908,0.0,0.0,209,46.0
650,2,8,3,,7.0,1,3,176500013,LA TOLTECA OWINGS MILLS,11515,REISTERSTOWN ROAD,OWINGS MILLS,21117-1815,2017-04-13 00:00:00,216.01,0.0,39.43892681818182,-76.8039096969697,216.01,0.0,210,28.0
650,1,17,6,,36.0,1,6,6501022,KABUTO,8813,PULASKI HIGHWAY,ESSEX,21221,2013-06-10 00:00:00,577.5666666666666,0.0,39.337309,-76.47892,577.5666666666666,0.0,211,29.0
650,2,6,2,,25.0,1,2,650866,YAMA SUSHI BAR BALTIMORE,1030,WEST 41ST STREET,BALTIMORE,21211,2012-01-13 00:00:00,262.2333333333333,0.0,39.33763438455957,-76.63480241131724,262.2333333333333,0.0,212,9.0
650,2,1,5,,40.0,1,5,65094406,MR CHAN'S SZECHUAN REST,1000,REISTERSTOWN ROAD,PIKESVILLE,21208-4206,2001-03-06 00:00:00,60.0,0.0,39.3728077,-76.7217617,60.0,0.0,213,5.0
650,3,16,7,,35.0,1,7,196500027,A1 SUSHI,438,E BELVEDERE AVE,BALTIMORE,21212,2019-08-29 00:00:00,0.0,0.0,39.36419053061225,-76.61104169387755,0.0,0.0,214,41.0
650,2,9,1,,28.0,1,1,186500012,18-8 SUSHI,727,WEST 40TH STREET,BALTIMORE,21211,2018-05-03 00:00:00,215.0,0.0,39.3351418,-76.62986254258465,215.0,0.0,215,0.0
650,1,10,5,,9.0,1,5,6503727,THE WINE SOURCE,3601,ELM AVENUE,BALTIMORE,21211-2402,2001-11-01 00:00:00,145.28333333333333,0.0,39.331704,-76.631168,145.28333333333333,0.0,216,0.0
650,1,10,4,,9.0,1,4,166500233,FIVE AND DIME ALE HOUSE,901,WEST 36TH STREET,BALTIMORE,21211,2016-09-19 00:00:00,0.0,0.0,39.33084435,-76.63136539199157,0.0,0.0,217,2.0
650,2,6,4,,25.0,1,4,65093180,SUZIE'S SOBA,1009,WEST 36TH STREET,BALTIMORE,21211-2416,1998-07-14 00:00:00,0.0,0.0,39.330878600000005,-76.6330268109875,0.0,0.0,218,1.0
650,2,4,1,,43.0,1,1,650768,CAFE SPICE INDIA CUISINE,10540,YORK ROAD,COCKEYSVILLE,21030,2011-03-15 00:00:00,334.4233333333333,0.0,39.47741595,-76.64338606163412,334.4233333333333,0.0,219,0.0
650,2,6,3,,25.0,1,3,650387,GOLDEN WEST ,1105,WEST 36TH STREET,BALTIMORE,21211,2006-12-12 00:00:00,903.4766666666666,147.7,39.330868550000005,-76.63400149028354,903.4766666666666,147.7,220,8.0
650,1,10,3,,9.0,1,3,216500039,GRANO PASTA BAR,1031,W 36TH ST,BALTIMORE,21210,2021-11-01 00:00:00,244.5333333333333,0.0,39.33101651020408,-76.63308118367347,244.5333333333333,0.0,221,67.0
650,2,6,5,,25.0,1,5,156500396,COSIMA,3000,FALLS ROAD,BALTIMORE,21211,2015-11-04 00:00:00,896.0433333333332,315.8,39.3227112,-76.6305328,896.0433333333332,315.8,222,10.0
650,2,6,1,,25.0,1,1,206500003,THE WINE COLLECTIVE,1700,WEST 41ST STREET,BALTIMORE,21211-1431,2020-01-17 00:00:00,440.0,0.0,39.335269,-76.64360564705882,440.0,0.0,223,0.0
650,3,16,3,,35.0,1,3,236500018,BE.BIM KOREAN BBQ,301,WEST 29TH STREET,BALTIMORE,21211-2910,2023-06-19 00:00:00,240.0,0.0,39.3217098,-76.6221426,240.0,0.0,224,2.0
650,3,16,1,,35.0,1,1,166500242,DYLAN'S OYSTER CELLAR,3601,CHESTNUT AVENUE,BALTIMORE,21211-2530,2016-10-25 00:00:00,212.08,0.0,39.33135175,-76.62914812063599,212.08,0.0,225,0.0
650,2,18,2,,37.0,2,2,650502,HOUSE OF KABOB,8025,HARFORD ROAD,PARKVILLE,21234,2008-09-04 00:00:00,224.11666666666665,9.116666666666667,39.3758319,-76.540707,224.11666666666665,9.116666666666667,226,0.0
650,3,19,8,,38.0,1,8,246500008,JUICY KING CRAB,7916,BELAIR ROAD,NOTTINGHAM,21236,2024-02-27 00:00:00,0.0,0.0,39.373811,-76.5117344,0.0,0.0,227,0.0
650,1,13,4,,12.0,1,4,650723,REMO'S OF N.Y.,8811,WALTHAM WOODS ROAD,PARKVILLE,21234,2011-01-01 00:00:00,254.98333333333332,0.0,39.400206496000585,-76.54101790559918,254.98333333333332,0.0,228,1.0
650,3,15,1,,14.0,1,1,65094668,LUCKY INN RESTAURANT,8924,WALTHAM WOODS ROAD,PARKVILLE,21234,1990-07-18 00:00:00,225.0,0.0,39.402413,-76.53978,225.0,0.0,229,0.0
650,3,19,6,,38.0,1,6,156500024,EL TROVADOR MERCADO LATINO,2523,PUTTY HILL AVENUE,PARKVILLE,21234-4307,2015-02-04 00:00:00,220.35666666666665,0.0,39.3890829,-76.5427335,220.35666666666665,0.0,230,36.0
650,3,15,2,,14.0,1,2,65093551,EL SALTO PARKVILLE,8816,WALTHAM WOODS ROAD,PARKVILLE,21234-2402,1999-04-20 00:00:00,271.95,0.0,39.40031632710912,-76.54119231037562,271.95,0.0,231,3.0
650,3,15,3,,14.0,1,3,206500010,URBAN CRAB SHACK,1991,EAST JOPPA ROAD,PARKVILLE,21234-2733,2020-09-16 00:00:00,618.4766666666666,70.95,39.3975674,-76.5437089,618.4766666666666,70.95,232,4.0
650,1,13,2,,12.0,1,2,246500001,BIRRIA LOVE,1742,EAST JOPPA ROAD,PARKVILLE,21234-3620,2024-01-09 00:00:00,82.0,0.0,39.3987508,-76.5591224,82.0,0.0,233,37.0
650,2,15,1,,34.0,1,1,226500023,ROSINA'S GOURMET,300,EAST LOMBARD STREET,BALTIMORE,21202-3219,2022-09-27 00:00:00,297.0,0.0,39.287978,-76.610647,297.0,0.0,234,0.0
650,3,11,2,,50.0,1,2,246500005,BLACK FLAG SOCIAL HOUSE,2050,MARRIOTTSVILLE ROAD,MARRIOTTSVILLE,21104,2024-01-09 00:00:00,608.5366666666666,133.61666666666665,39.313687361359534,-76.89862480090571,608.5366666666666,133.61666666666665,235,3.0
650,2,7,1,,46.0,1,1,166500231,ASIAN COURT,11105,RESORT ROAD,ELLICOTT CITY,21042,2016-08-31 00:00:00,324.48333333333335,0.0,39.29930595,-76.89746455,324.48333333333335,0.0,236,0.0
650,3,11,1,,50.0,1,1,156500138,PAPER LANTERN ,2020,MARRIOTTSVILLE ROAD,MARRIOTTSVILLE,21104,2015-04-27 00:00:00,230.0,0.0,39.31613595,-76.89955722618015,230.0,0.0,237,0.0
650,2,20,1,,19.0,1,1,216500003,KUNG FU TEA,14708,BALTIMORE AVENUE,LAUREL,20707-5008,2021-01-04 00:00:00,0.0,0.0,39.0940655,-76.85785455508713,0.0,0.0,238,0.0
650,3,15,5,,14.0,1,5,650944,MISSION BBQ NOTTINGHAM,4132,EAST JOPPA ROAD,NOTTINGHAM,21236,2012-10-22 00:00:00,755.71,233.5933333333333,39.399879,-76.482713,755.71,233.5933333333333,239,35.0
650,3,19,5,,38.0,1,5,226500026,LEDO PIZZA TOWSON,1238,PUTTY HILL AVE STE 104,TOWSON,21286,2022-09-28 00:00:00,339.6166666666666,94.61666666666666,39.393822,-76.58336,339.6166666666666,94.61666666666666,240,29.0
650,3,19,1,,38.0,1,1,206500014,MISSION BBQ - TOWSON,740,YORK ROAD,TOWSON,21204-2503,2020-11-05 00:00:00,778.97,147.24,39.4055607,-76.6073843,778.97,147.24,241,0.0
650,3,9,2,,8.0,2,2,166500235,MISSION BBQ OWINGS MILLS,10140,REISTERSTOWN ROAD,OWINGS MILLS,21117-3815,2016-09-23 00:00:00,738.9566666666666,107.22666666666666,39.415009924494775,-76.77378754415184,738.9566666666666,107.22666666666666,242,19.0
650,1,6,1,,45.0,1,1,65093711,DOUBLE T DINER - CATONSVILLE,6300,BALTIMORE NATIONAL PIKE,CATONSVILLE,21228-3901,1999-10-05 00:00:00,1715.4233333333332,541.7,39.283963,-76.754584,1715.4233333333332,541.7,243,0.0
650,3,19,7,,38.0,1,7,6501006,THE ALL AMERICAN STEAKHOUSE,3615,EAST JOPPA ROAD,PARKVILLE,21234,2013-05-01 00:00:00,1202.14,180.33333333333331,39.395068,-76.500756,1202.14,180.33333333333331,244,37.0
650,2,15,4,,34.0,1,4,196500008,SWEETGREEN - HARBOR EAST,1306,FLEET STREET,BALTIMORE,21231,2019-01-30 00:00:00,1054.9733333333331,706.6466666666666,39.28439665306123,-76.59897026530612,1054.9733333333331,706.6466666666666,245,4.0
650,2,8,5,,7.0,1,5,650554,KAVKAZ KEBAB,10902,BOULEVARD CIRCLE,OWINGS MILLS,21117,2009-06-01 00:00:00,215.0,0.0,39.42596219920029,-76.77940241664514,215.0,0.0,246,1.0
650,2,8,4,,7.0,1,4,156500358,EDOMAE SUSHI,10995,OWINGS MILLS BOULEVARD,OWINGS MILLS,21117,2015-09-15 00:00:00,205.0,0.0,39.4263431,-76.7794245,205.0,0.0,247,26.0
650,3,9,5,,8.0,1,5,156500029,LEDO PIZZA OF OWINGS MILLS,9706,GROFFS MILL DRIVE,OWINGS MILLS,21117,2015-02-13 00:00:00,210.0,0.0,39.40483292857143,-76.81014825510204,210.0,0.0,248,96.0
650,2,1,1,,40.0,1,1,186500035,DOMINO'S PIZZA RANDALLSTOWN #4696,3502,BRENBROOK DRIVE,RANDALLSTOWN,21133-4902,2018-12-17 00:00:00,195.0,0.0,39.3626936,-76.7869732,195.0,0.0,249,0.0
650,3,9,1,,8.0,2,1,236500004,AKIRA RAMEN - OWINGS MILLS,10200,MILL RUN CIRCLE,OWINGS MILLS,21117,2023-01-18 00:00:00,225.0,0.0,39.404811,-76.79106,225.0,0.0,250,17.0
650,2,1,2,,40.0,1,2,236500007,NOT JUST CRAB,8731,LIBERTY ROAD,RANDALLSTOWN,21133,2023-02-10 00:00:00,481.0566666666667,0.0,39.3636976,-76.7860878,481.0566666666667,0.0,251,2.0
650,2,14,4,,13.0,1,4,650399,BLUE STONE RESTAURANT,11,WEST AYLESBURY ROAD,TIMONIUM,21093-4102,2007-02-16 00:00:00,2518.503333333333,0.0,39.4338621,-76.6281895,2518.503333333333,0.0,252,0.0
650,1,10,1,,9.0,1,1,650946,MICHAEL'S CAFE,2119,YORK ROAD,TIMONIUM,21093-3110,2012-11-02 00:00:00,3047.01,1025.9166666666665,39.4419497195122,-76.62697112195123,3047.01,1025.9166666666665,253,0.0
650,3,4,2,,23.0,1,2,65052084,NOTTINGHAM'S,8850,STANFORD BOULEVARD,COLUMBIA,21045,2006-07-10 00:00:00,905.8,211.33333333333334,39.19044255,-76.81524208599417,905.8,211.33333333333334,254,3.0
650,3,4,1,,23.0,1,1,650856,THE MANGO GROVE RESTAURANT,8865,STANFORD BOULEVARD,COLUMBIA,21045,2011-12-01 00:00:00,262.5,0.0,39.1909771,-76.81815554414854,262.5,0.0,255,0.0
650,3,13,2,,32.0,1,2,650494,ANLOI RESTAURANT,7104,MINSTREL WAY,COLUMBIA,21045-5539,2008-07-29 00:00:00,337.89,0.0,39.1773963,-76.8423714,337.89,0.0,256,5.0
650,3,13,6,,32.0,1,6,650810,RANGOLI RESTAURANT,7791,ARUNDEL MILLS BOULEVARD,HANOVER,21076,2011-08-15 00:00:00,678.68,157.13333333333333,39.15385192886801,-76.74255669836502,678.68,157.13333333333333,257,23.0
650,3,13,5,,32.0,1,5,196500030,MAI DRAGON,2647,ANNAPOLIS ROAD,HANOVER,21076-1262,2019-10-04 00:00:00,250.23333333333335,0.0,39.13380115570784,-76.7441296487637,250.23333333333335,0.0,258,54.0
650,3,13,7,,32.0,1,7,226500001,TOMO ASIAN CUISINE,7698,DORCHESTER BOULEVARD,HANOVER,21076-1946,2022-01-18 00:00:00,240.0,0.0,39.1546706,-76.7424557024485,240.0,0.0,259,1.0
650,2,20,3,,19.0,1,3,226500005,CHOPS BY RERA,10983,GUILFORD ROAD,JESSUP,20701,2022-04-18 00:00:00,174.89333333333332,0.0,39.130231,-76.79019,174.89333333333332,0.0,260,40.0
650,1,2,8,,21.0,1,8,226500024,NORA'S KABOB COLUMBIA,10300,LITTLE PATUXENT PARKWAY,COLUMBIA,21044,2022-09-05 00:00:00,280.7,40.7,39.2158379,-76.85999538624932,280.7,40.7,261,0.0
650,3,4,3,,23.0,1,3,236500025,FLAVORS OF INDIA,7185,COLUMBIA GATEWAY DRIVE,COLUMBIA,21046,2023-09-11 00:00:00,246.0,0.0,39.1834423,-76.805004114269,246.0,0.0,262,12.0
650,2,3,2,,22.0,1,2,65022116,CHOPSTIXX CAFE,7260,MONTGOMERY ROAD,ELKRIDGE,21075-9100,2006-09-10 00:00:00,225.0,0.0,39.2086934409054,-76.72840904689824,225.0,0.0,263,25.0
650,2,3,1,,22.0,1,1,186500001,LEDO PIZZA OF ELKRIDGE,7190,TROY HILL DRIVE,ELKRIDGE,21075-7055,2018-01-23 00:00:00,598.7633333333333,271.76666666666665,39.1943167,-76.74987080064362,598.7633333333333,271.76666666666665,264,0.0
650,1,14,4,,33.0,1,4,650559,KATANA SUSHI ELKRIDGE,6060,MARSHALEE DRIVE,ELKRIDGE,21075-5991,2009-06-01 00:00:00,215.0,0.0,39.2090671,-76.77785965097698,215.0,0.0,265,22.0
650,3,4,4,,23.0,1,4,6501038,RUDY'S MEDITERRANEAN GRILL,7185,COLUMBIA GATEWAY DRIVE,COLUMBIA,21046,2013-08-06 00:00:00,360.35,14.166666666666668,39.1834423,-76.805004114269,360.35,14.166666666666668,266,1.0
650,1,14,3,,33.0,1,3,650538,COAL FIRE PIZZA ELLICOTT CITY,5725,RICHARDS VALLEY ROAD,ELLICOTT CITY,21043,2009-03-12 00:00:00,871.4,427.23333333333335,39.214331900000005,-76.80190502630552,871.4,427.23333333333335,267,1.0
650,1,14,2,,33.0,1,2,650800,EAST MOON ASIAN BISTRO,5725,RICHARDS VALLEY ROAD,ELLICOTT CITY,21043,2011-07-06 00:00:00,314.08666666666664,0.0,39.214331900000005,-76.80190502630552,314.08666666666664,0.0,268,47.0
650,1,14,1,,33.0,1,1,650599,YAMA SUSHI ELLICOTT CITY,4725-G,DORSEY HALL DRIVE,ELLICOTT CITY,21042,2009-12-18 00:00:00,223.51,0.0,39.2426475,-76.8422261,223.51,0.0,269,0.0
650,3,4,5,,23.0,1,5,186500023,MAIWAND KABOB,6131,COLUMBIA CROSSING CIRCLE,COLUMBIA,21045-8208,2018-08-31 00:00:00,310.57666666666665,0.0,39.196142,-76.812704,310.57666666666665,0.0,270,16.0
650,1,13,5,,12.0,1,5,226500007,CHARM CITY BUFFET,2033,EAST JOPPA ROAD,PARKVILLE,21234,2022-05-23 00:00:00,1110.79,13.233333333333333,39.39846561902369,-76.54252230893371,1110.79,13.233333333333333,271,3.0
650,1,9,3,,48.0,1,3,166500213,MINT INDIAN CUISINE,12447,CLARKSVILLE PIKE,CLARKSVILLE,21029,2016-06-02 00:00:00,282.2266666666667,0.0,39.205480300000005,-76.94225342840309,282.2266666666667,0.0,272,3.0
650,1,9,1,,48.0,1,1,650354,CATTAIL CREEK COUNTRY CLUB,3600,CATTAIL CREEK DRIVE,GLENWOOD,21738-9648,2006-09-11 00:00:00,1880.44,384.76666666666665,39.272176,-77.043213,1880.44,384.76666666666665,273,0.0
650,1,9,5,,48.0,1,5,216500017,MARY'S LAND FARM,4979,SHEPPARD LANE,ELLICOTT CITY,21042,2021-05-20 00:00:00,75.0,0.0,39.23342754013487,-76.93903436331517,75.0,0.0,274,22.0
650,1,9,4,,48.0,1,4,236500012,MAIWAND KABOB - CLARKSVILLE,12165,CLARKSVILLE PIKE #300,CLARKSVILLE,21029,2023-04-10 00:00:00,246.0,0.0,39.21494,-76.933299,246.0,0.0,275,14.0
650,1,9,2,,48.0,1,2,156500003,KATANA SUSHI CLARKSVILLE,6343,TEN OAKS ROAD,CLARKSVILLE,21029,2015-01-06 00:00:00,271.84,0.0,39.2065349,-76.9453562282394,271.84,0.0,276,112.0
650,1,8,1,,27.0,2,1,146500016,JIMMY'S FAMOUS SEAFOOD,6526,HOLABIRD AVENUE,BALTIMORE,21224-6244,2014-05-01 00:00:00,2044.11,91.13333333333333,39.272453428571424,-76.53526516326531,2044.11,91.13333333333333,277,0.0
650,1,11,4,,30.0,1,4,65078800,GLORY DAYS GRILL - GLEN BURNIE,7939,RITCHIE HIGHWAY,GLEN BURNIE ,21060,2002-12-20 00:00:00,1539.0166666666667,913.3666666666667,39.13702395,-76.59850284122656,1539.0166666666667,913.3666666666667,278,22.0
650,2,12,2,,31.0,1,2,146500068,PARK TAVERN,580,GOVERNOR RITCHIE HIGHWAY,SEVERNA PARK ,21146,2014-07-03 00:00:00,1585.37,784.2,39.07556253846154,-76.54385623076924,1585.37,784.2,279,5.0
650,2,12,3,,31.0,1,3,6501026,MI PUEBLO II,554,GOVERNOR RITCHIE HIGHWAY,SEVERNA PARK ,21146,2013-06-27 00:00:00,646.0933333333334,0.0,39.077043456521736,-76.54516632608696,646.0933333333334,0.0,280,2.0
650,2,12,5,,31.0,1,5,6501010,LIFE PHO,484,RITCHIE HIGHWAY,SEVERNA PARK ,21146,2013-05-07 00:00:00,308.6166666666667,0.0,39.084673,-76.552625,308.6166666666667,0.0,281,0.0
650,3,7,1,,26.0,1,1,650918,PICANTILLO,4590,MOUNTAIN ROAD,PASADENA,21122-5330,2012-08-14 00:00:00,342.43,0.0,39.10715825711253,-76.48596987108863,342.43,0.0,282,0.0
650,1,11,2,,30.0,1,2,186500003,BONCHON PASADENA,8159,RITCHIE HIGHWAY,PASADENA,21122,2018-01-30 00:00:00,244.97666666666663,0.0,39.12077170926556,-76.58461367802965,244.97666666666663,0.0,283,27.0
650,1,11,3,,30.0,1,3,196500036,EAST WEST BISTRO ,8151,RITCHIE HIGHWAY,PASADENA,21122,2019-12-12 00:00:00,422.25,45.35,39.120951969670585,-76.58477950531876,422.25,45.35,284,1.0
650,3,7,2,,26.0,1,2,216500007,PASSION ASIAN BISTRO,25,MAGOTHY BEACH ROAD,PASADENA,21122-4461,2021-02-11 00:00:00,265.5833333333333,0.0,39.12103763930174,-76.51730501904332,265.5833333333333,0.0,285,32.0
650,3,8,4,,47.0,1,4,166500215,MISSION BBQ ELLICOTT CITY,3410,PLUMTREE DRIVE,ELLICOTT CITY,21042,2016-06-15 00:00:00,877.7633333333332,98.45,39.27690908333333,-76.83577083333334,877.7633333333332,98.45,286,20.0
650,3,8,1,,47.0,1,1,156500186,GLORY DAYS GRILL - ELLICOTT CITY,10035,BALTIMORE NATIONAL PIKE,ELLICOTT CITY,21042,2015-06-15 00:00:00,1395.4533333333331,643.0833333333334,39.27785565,-76.85755177194038,1395.4533333333331,643.0833333333334,287,0.0
650,3,8,3,,47.0,1,3,65085524,SAKURA OF ELLICOTT CITY,10040,BALTIMORE NATIONAL PIKE,ELLICOTT CITY,21042,2003-01-14 00:00:00,657.02,252.23333333333332,39.28120845,-76.85728830780303,657.02,252.23333333333332,288,3.0
650,3,8,5,,47.0,1,5,166500029,NIKO,3570,SAINT JOHNS LANE,ELLICOTT CITY,21042,2016-02-01 00:00:00,230.0,0.0,39.2725436,-76.8267994,230.0,0.0,289,0.0
650,2,7,3,,46.0,1,3,65093606,DOUBLE T DINER - ELLICOTT CITY,10055,BALTIMORE NATIONAL PIKE,ELLICOTT CITY,21042-3611,1999-06-29 00:00:00,2324.45,1517.3666666666666,39.27914997771793,-76.85837279313955,2324.45,1517.3666666666666,290,5.0
650,1,3,4,,42.0,1,4,226500003,THE ALL AMERICAN STEAKHOUSE - ELLICOTT CITY,8450,BALTIMORE NATIONAL PIKE,ELLICOTT CITY,21043,2022-02-04 00:00:00,1596.28,628.1666666666666,39.2866496,-76.80654242469828,1596.28,628.1666666666666,291,3.0
650,2,10,4,,49.0,1,4,650934,ALE HOUSE COLUMBIA,6480,DOBBIN CENTER WAY,COLUMBIA,21045,2012-10-05 00:00:00,1754.7666666666664,801.0666666666666,39.19839485,-76.81981069741661,1754.7666666666664,801.0666666666666,292,12.0
650,2,10,5,,49.0,1,5,146500058,MISSION BBQ COLUMBIA,6270,COLUMBIA CROSSING CIRCLE,COLUMBIA,21045,2014-06-24 00:00:00,931.7033333333331,130.5,39.19868547176594,-76.81438263226512,931.7033333333331,130.5,293,0.0
650,1,6,4,,45.0,1,4,650615,N.M. CARROLL MANOR,701,NORTH ARLINGTON AVENUE,BALTIMORE,21217-2455,2010-03-01 00:00:00,335.0,0.0,39.29712945,-76.63546907523221,335.0,0.0,294,76.0
650,2,12,1,,31.0,1,1,216500023,APRIL'S TABLE ,544,BALTIMORE ANNAPOLIS BOULEVARD,SEVERNA PARK ,21146,2021-07-01 00:00:00,260.0,0.0,39.07466443302522,-76.54850919913092,260.0,0.0,295,0.0
650,1,11,1,,30.0,1,1,216500036,THE SOCIAL ,139,RITCHIE HIGHWAY,SEVERNA PARK ,21146,2021-10-07 00:00:00,470.72,9.216666666666667,39.101924,-76.565523,470.72,9.216666666666667,296,0.0
650,3,13,8,,32.0,1,8,226500004,PHO 5UP - HANOVER,1350,DORSEY ROAD,HANOVER,21076,2022-01-24 00:00:00,240.0,0.0,39.15942075,-76.7106495731594,240.0,0.0,297,0.0
650,3,11,4,,50.0,1,4,65091580,SHANNON'S SALOON & RESTAURANT,9338,BALTIMORE NATIONAL PIKE,ELLICOTT CITY,21042-2805,2003-12-29 00:00:00,2158.73,1366.5,39.278111550000006,-76.8334750374122,2158.73,1366.5,298,2.0
650,2,5,6,,4.0,1,6,650787,GLORY DAYS GRILL - ELDERSBURG,1348,LIBERTY ROAD,ELDERSBURG,21784-6411,2011-04-29 00:00:00,1250.41,646.85,39.40364468889953,-76.94974234212144,1250.41,646.85,299,0.0
650,2,7,5,,46.0,1,5,166500210,NORA'S KABOB ELLICOTT CITY,9338,BALTIMORE NATIONAL PIKE,ELLICOTT CITY,21042-2805,2016-05-16 00:00:00,240.6,20.6,39.278111550000006,-76.8334750374122,240.6,20.6,300,0.0
650,3,8,2,,47.0,1,2,156500402,ZEN GARDEN,10039,BALTIMORE NATIONAL PIKE,ELLICOTT CITY,21042,2015-12-03 00:00:00,136.66666666666666,0.0,39.27867665,-76.85752193839484,136.66666666666666,0.0,301,1.0
650,1,3,1,,42.0,1,1,176500010,K POCHA,8801,BALTIMORE NATIONAL PIKE,ELLICOTT CITY,21043,2017-03-30 00:00:00,215.0,0.0,39.27753125,-76.81781375380308,215.0,0.0,302,0.0
650,2,7,4,,46.0,1,4,650433,HAN JOONG KWAN,9338,BALTIMORE NATIONAL PIKE,ELLICOTT CITY,21042-2805,2007-08-15 00:00:00,288.00333333333333,21.1,39.278111550000006,-76.8334750374122,288.00333333333333,21.1,303,22.0
650,1,17,7,,36.0,1,7,65094414,DELLIS' BAR & GRILL,8776,PHILADELPHIA ROAD,ROSEDALE,21237,2001-04-25 00:00:00,1083.6733333333332,360.9333333333333,39.3410786,-76.4845167,1083.6733333333332,360.9333333333333,304,0.0
650,1,20,4,,39.0,1,4,146500020,TACO LOVE GRILL,11550,PHILADELPHIA ROAD,WHITE MARSH,21162,2014-05-16 00:00:00,895.26,248.21666666666664,39.4067895,-76.4138085,895.26,248.21666666666664,305,88.0
650,1,17,5,,36.0,1,5,156500451,ENDY'S GRILL,1328,EASTERN BOULEVARD,ESSEX,21221,2015-12-30 00:00:00,285.0,0.0,39.31571524983195,-76.46051428322953,285.0,0.0,306,15.0
650,1,17,4,,36.0,1,4,186500026,WOODY'S PUB GRUB,11,MARGARET AVENUE,ESSEX,21221-6704,2018-09-21 00:00:00,0.0,0.0,39.30823755,-76.47422198283883,0.0,0.0,307,33.0
650,1,10,2,,9.0,1,2,216500020,O'FISHEL KOSHER CATERERS ,7000,ROCKLAND HILLS DRIVE,PIKESVILLE,21209-1112,2021-03-15 00:00:00,63.0,0.0,39.38492,-76.667581,63.0,0.0,308,73.0
650,2,3,5,,22.0,1,5,216500011,HEAVY SEAS BREWING ,4615,HOLLINS FERRY ROAD,HALETHORPE,21227-4624,2021-03-30 00:00:00,260.0,0.0,39.2307539,-76.6753277,260.0,0.0,309,17.0
650,3,6,2,,5.0,2,2,216500010,MISSION BBQ - WESTMINSTER,584,JERMOR LANE,WESTMINSTER,21157-6126,2021-02-22 00:00:00,881.2733333333333,190.51,39.565929094812105,-76.97884004293314,881.2733333333333,190.51,310,0.0
650,1,8,3,,27.0,1,3,650616,LEDO PIZZA OF GLEN BURNIE,16,EAST ORDNANCE ROAD,GLEN BURNIE ,21060,2010-02-23 00:00:00,320.46666666666664,85.46666666666667,39.19361860121379,-76.61217131205389,320.46666666666664,85.46666666666667,311,3.0
650,1,8,2,,27.0,1,2,6501032,YAMA SUSHI BAR GLEN BURNIE,6714,RITCHIE HIGHWAY,GLEN BURNIE ,21061-2870,2013-07-17 00:00:00,270.0433333333333,0.0,39.19199580392065,-76.61375782833552,270.0433333333333,0.0,312,56.0
650,3,7,5,,26.0,1,5,146500247,MISSION BBQ GLEN BURNIE,7748,RITCHIE HIGHWAY,GLEN BURNIE ,21061-4378,2014-11-25 00:00:00,1023.0233333333333,423.27333333333337,39.15168965,-76.61402915510558,1023.0233333333333,423.27333333333337,313,91.0
650,1,8,4,,27.0,1,4,6501057,LITTLE INDIA CAFE,20,EAST ORDNANCE ROAD,GLEN BURNIE ,21060,2013-09-24 00:00:00,316.35,27.35,39.19361877298917,-76.61210225835501,316.35,27.35,314,1.0
650,3,1,3,,20.0,1,3,216500005,CRAZY CRAB,805,AQUAHART ROAD,GLEN BURNIE ,21061-3968,2021-01-14 00:00:00,548.8066666666666,64.05,39.15259581632653,-76.61733146938776,548.8066666666666,64.05,315,29.0
650,3,12,1,,11.0,2,1,650862,THE ORIENT RESTAURANT BEL AIR,15,NORTH MAIN STREET,BEL AIR,21014-3537,2011-12-12 00:00:00,213.82666666666665,0.0,39.53690693563868,-76.34973342040574,213.82666666666665,0.0,316,29.0
650,1,4,2,,3.0,1,2,65097161,SAKURA OF BEL AIR,615,BELAIR ROAD,BEL AIR,21014,2001-10-12 00:00:00,487.1366666666666,126.43333333333332,39.5247114,-76.3533539,487.1366666666666,126.43333333333332,317,76.0
650,2,17,3,,16.0,1,3,650814,SIZZLING BOMBAY,2108,OLD EMMORTON ROAD,BEL AIR,21015-6800,2011-08-02 00:00:00,240.0,0.0,39.4936772,-76.322036,240.0,0.0,318,6.0
650,1,4,4,,3.0,1,4,216500035,MISSION BBQ - BEL AIR ,627 ,BEL AIR ROAD,BEL AIR,21014,2021-10-14 00:00:00,783.65,89.06666666666666,39.5087984,-76.3803281,783.65,89.06666666666666,319,25.0
650,2,17,2,,16.0,1,2,236500001,HUO GUO BEL AIR,5,BEL AIR S PKWY,BEL AIR,21015,2022-12-30 00:00:00,478.52,0.0,39.49734305,-76.32561231932084,478.52,0.0,320,64.0
650,3,2,3,,41.0,2,3,650470,SCOOZZI'S RESTAURANT,7625,GERMAN HILL ROAD,DUNDALK,21222,2008-04-15 00:00:00,399.0,0.0,39.279619800000006,-76.50215830270898,399.0,0.0,321,0.0
650,1,17,3,,36.0,1,3,650894,HIBACHI GRILL & BUFFET,7911,EASTERN AVENUE,BALTIMORE ,21224-2141,2012-06-11 00:00:00,1010.0766666666665,0.0,39.29584366066492,-76.50809645832251,1010.0766666666665,0.0,322,59.0
650,3,15,6,,14.0,1,6,650936,PHO 7 RICH,4136,EAST JOPPA ROAD,NOTTINGHAM,21236-2286,2012-10-10 00:00:00,246.98,0.0,39.399034,-76.481658,246.98,0.0,323,2.0
650,3,10,8,,29.0,1,8,65047797,BOULEVARD DINER,1660,MERRITT BOULEVARD,DUNDALK,21222,2002-04-04 00:00:00,1945.4,796.9833333333333,39.2707756,-76.5035391,1945.4,796.9833333333333,324,0.0
650,1,13,1,,12.0,2,1,6501056,BOMBAY NIGHTS,5007,HONEYGO CENTER DRIVE,PERRY HALL ,21128,2013-05-01 00:00:00,275.0,0.0,39.404683,-76.4431282,275.0,0.0,325,1.0
650,2,9,7,,28.0,1,7,236500003,LAS ESPERANZAS CAFE 3 ,6500,EASTERN AVE,BALTIMORE,21224,2023-01-03 00:00:00,347.66333333333336,0.0,39.2889002,-76.5360656,347.66333333333336,0.0,326,19.0
650,3,6,3,,5.0,1,3,166500228,KATANA SUSHI WESTMINSTER,410,MEADOW CREEK DRIVE,WESTMINSTER,21158,2016-08-15 00:00:00,220.71666666666664,10.716666666666665,39.59003469509169,-77.01010789405544,220.71666666666664,10.716666666666665,327,257.0
650,3,6,1,,5.0,2,1,206500004,WESTMINSTER ELKS LODGE,538,GORSUCH ROAD,WESTMINSTER,21157-6530,2020-01-24 00:00:00,396.2666666666667,136.26666666666665,39.570372388562085,-76.97906541500788,396.2666666666667,136.26666666666665,328,16.0
650,3,6,5,,5.0,1,5,65048493,SAKURA OF WESTMINSTER,5,WESTMINSTER SHOPPING CENTER,WESTMINSTER,21157,2003-09-25 00:00:00,646.7333333333332,249.98333333333332,39.5816,-76.989005,646.7333333333332,249.98333333333332,329,68.0
650,3,6,4,,5.0,1,4,216500038,OLD WESTMINSTER WINERY,1550 ,OLD WESTMINSTER RD,WESTMINSTER,21157,2021-11-01 00:00:00,349.75,0.0,39.53167926952061,-77.03331953716001,349.75,0.0,330,68.0
650,2,11,6,,10.0,1,6,226500006,TONY LOCOS,710,LISBON CENTER DR,SYKESVILLE,21797,2022-04-18 00:00:00,678.2366666666667,107.48333333333333,39.3491531,-77.06707164124231,678.2366666666667,107.48333333333333,331,82.0
650,3,9,3,,8.0,2,3,236500005,SAKE JAPANESE STEAKHOUSE,10090,REISTERSTOWN ROAD,OWINGS MILLS,21117,2023-01-26 00:00:00,753.6266666666667,0.0,39.41232975,-76.77350656416829,753.6266666666667,0.0,332,0.0
650,3,11,3,,50.0,1,3,186500006,HANG ARI,9380,BALTIMORE NATIONAL PIKE,ELLICOTT CITY,21042,2018-03-01 00:00:00,240.39,0.0,39.27827635,-76.8347870950666,240.39,0.0,333,68.0
650,2,10,3,,49.0,1,3,226500022,TAICHI BUBBLE TEA,6250,"COLUMBIA CROSSING CIRCLE
STE D",COLUMBIA,21045,2022-08-20 00:00:00,240.0,0.0,39.206042,-76.828234,240.0,0.0,334,75.0
650,3,11,5,,50.0,1,5,216500027,KUNG FU TEA ,9210,BALTIMORE NATIONAL PIKE,ELLICOTT CITY,21042,2021-08-06 00:00:00,160.4,160.4,39.27956025,-76.83124592657018,160.4,160.4,335,0.0
650,2,12,4,,31.0,1,4,206500012,ROMILOS,478A,RITCHIE HIGHWAY,SEVERNA PARK ,21146,2020-10-21 00:00:00,305.4266666666667,0.0,39.081598,-76.550917,305.4266666666667,0.0,336,8.0
650,2,7,2,,46.0,1,2,186500007,SIROO & JUK STORY,10176,BALTIMORE NATIONAL PIKE,ELLICOTT CITY,21042,2018-03-07 00:00:00,266.78,0.0,39.28037985,-76.86322429398021,266.78,0.0,337,37.0
650,3,1,1,,20.0,1,1,65094262,SAKURA OF GLEN BURNIE,34,MOUNTAIN ROAD,GLEN BURNIE ,21060-7974,2000-12-05 00:00:00,619.38,301.75,39.13564852950231,-76.59475004294916,619.38,301.75,338,0.0
650,3,1,2,,20.0,1,2,166500126,GENERAL HOUSE,60,MOUNTAIN ROAD,GLEN BURNIE ,21060-7974,2016-03-10 00:00:00,230.0,0.0,39.13544796868857,-76.59333806739536,230.0,0.0,339,2.0
650,1,3,2,,42.0,1,2,226500028,BBQ CHICKEN,8801,BALTIMORE NATIONAL PIKE,ELLICOTT CITY,21043,2022-10-03 00:00:00,268.18333333333334,0.0,39.27753125,-76.81781375380308,268.18333333333334,0.0,340,1.0
650,1,14,3,,33.0,2,3,206500007,FAYETTE HOUSE ,15,SOUTH FULTON AVENUE,BALTIMORE,21217,2020-05-04 00:00:00,239.0,0.0,39.28792411111112,-76.64509433333333,239.0,0.0,341,0.0
650,2,11,1,,10.0,2,1,650514,TEN OAKS TAVERN,3900,TEN OAKS ROAD,GLENELG,21737,2008-10-27 00:00:00,391.07,0.0,39.2645504,-76.98696795000001,391.07,0.0,342,117.0
650,2,11,2,,10.0,2,2,226500002,DANDELION BAKERY,7556,WEST MAIN STREET,SYKESVILLE,21784-7313,2022-01-28 00:00:00,289.43,20.166666666666664,39.365609,-76.969545,289.43,20.166666666666664,343,0.0
650,1,3,3,,42.0,1,3,65062066,LEDO PIZZA OF ELLICOTT CITY,8480,BALTIMORE NATIONAL PIKE,ELLICOTT CITY,21043,2002-11-18 00:00:00,468.96666666666664,143.58333333333331,39.28473971794872,-76.8073855128205,468.96666666666664,143.58333333333331,344,13.0
650,2,5,1,,4.0,1,1,650362,AMANTE PIZZA & PASTA,21,LIBERTY ROAD,SYKESVILLE,21784-8633,2006-08-17 00:00:00,370.4533333333333,0.0,39.42267424798062,-76.99569786588941,370.4533333333333,0.0,345,0.0
650,2,5,4,,4.0,1,4,166500009,G.L. SHACKS ELDERSBURG,1207,LIBERTY ROAD,ELDERSBURG,21784,2016-01-15 00:00:00,404.95,163.46666666666664,39.404042,-76.95402489092609,404.95,163.46666666666664,346,25.0
650,2,5,5,,4.0,1,5,166500207,LOS AZTECAS,1213,LIBERTY ROAD,SYKESVILLE,21784,2016-05-02 00:00:00,629.95,0.0,39.40478605080641,-76.9528425196235,629.95,0.0,347,2.0
650,3,9,4,,8.0,1,4,650464,JY TOKYO MARKET,1437,LIBERTY LAKE DRIVE,ELDERSBURG,21784,2008-02-13 00:00:00,264.3333333333333,0.0,39.3922071,-76.9195727,264.3333333333333,0.0,348,26.0
650,3,9,1,,8.0,1,1,166500203,CHINA DRAGON,6300,GEORGETOWN BOULEVARD,SYKESVILLE,21784,2016-04-12 00:00:00,215.0,0.0,39.4012803,-76.9472392,215.0,0.0,349,0.0
650,3,9,2,,8.0,1,2,166500218,NORA'S KABOB ELDERSBURG,6300,GEORGETOWN BOULEVARD,SYKESVILLE,21784,2016-06-29 00:00:00,324.59666666666664,63.13333333333333,39.4012803,-76.9472392,324.59666666666664,63.13333333333333,350,1.0
650,2,5,2,,4.0,1,2,216500018,KATANA SUSHI - ELDERSBURG,5959,EXCHANGE DRIVE,ELDERSBURG,21784-9255,2021-05-26 00:00:00,270.4,45.4,39.4165034,-76.9782006,270.4,45.4,351,17.0
650,2,5,3,,4.0,1,3,226500011,KINARA INDIAN CUISINE & BAR,5957,EXCHANGE DR,ELDERSBURG,21784,2022-06-13 00:00:00,411.5466666666667,0.0,39.4165034,-76.9782006,411.5466666666667,0.0,352,1.0
650,3,9,3,,8.0,1,3,236500013,TAICHI BUBBLE TEA,6300,GEORGETOWN BLVD,ELDERSBURG,21784,2023-05-10 00:00:00,246.0,0.0,39.4012803,-76.9472392,246.0,0.0,353,1.0
