BR,RT,DAY,STOP,NEW BR,NEW RT,NEW DAY,NEW STOP,CUST,CUST NAME,HOUSE NUMBER,ADDRESS,CITY,ZIP,EST DATE,BIG 5 AVG,COMP AVG,Latitude,Longitude,Machine,Companion,Stop ID
650.0,1,1,01,650.0,1,1,01,236500003.0,LAS ESPERANZAS CAFE 3 ,6500,EASTERN AVENUE,BALTIMORE,21224,01/03/2023,353.95,0.0,39.2889002,-76.5360656,353.95,0.0,0
650.0,1,1,03,650.0,1,1,03,65047797.0,BOULEVARD DINER,1660,MERRITT BOULEVARD,DUNDALK,21222,04/04/2002,2026.13,830.97,39.2707756,-76.5035391,2026.13,830.97,1
650.0,1,1,04,650.0,1,1,04,650643.0,FRIENDLY'S DUNDALK,1579,MERRITT BOULEVARD,DUNDALK,21222,04/15/2010,230.63,87.98,39.2732412,-76.5025024,230.63,87.98,2
650.0,1,1,05,650.0,1,1,05,650470.0,SCOOZZI'S RESTAURANT,7625,GERMAN HILL ROAD,DUNDALK,21222,04/15/2008,399.0,0.0,39.279619800000006,-76.50215830270898,399.0,0.0,3
650.0,1,1,"02,04",650.0,1,1,"02,04",146500016.0,JIMMY'S FAMOUS SEAFOOD,6526,HOLABIRD AVENUE,BALTIMORE,21224-6244,05/01/2014,2044.16,91.13,39.272453428571424,-76.53526516326531,2044.16,91.13,4
650.0,1,2,01,650.0,1,2,01,6501022.0,KABUTO,8813,PULASKI HIGHWAY,ESSEX,21221,06/10/2013,581.59,0.0,39.337309,-76.47892,581.59,0.0,5
650.0,1,2,02,650.0,1,2,02,146500020.0,TACO LOVE GRILL,11550,PHILADELPHIA ROAD,WHITE MARSH,21162,05/16/2014,865.75,212.5,39.4067895,-76.4138085,865.75,212.5,6
650.0,1,2,03,650.0,1,2,03,650892.0,ROSARIO'S RESTAURANT,7301,PULASKI HIGHWAY,ROSEDALE,21237-2527,05/15/2012,840.68,10.08,39.310473,-76.529155,840.68,10.08,7
650.0,1,2,04,650.0,1,2,04,650894.0,HIBACHI GRILL & BUFFET,7911,EASTERN AVENUE,BALTIMORE ,21224-2141,06/11/2012,1082.39,11.85,39.29584366066492,-76.50809645832251,1082.39,11.85,8
650.0,1,2,05,650.0,1,2,05,156500451.0,ENDY'S GRILL,1328,EASTERN BOULEVARD,ESSEX,21221,12/30/2015,285.0,0.0,39.31571524983195,-76.46051428322953,285.0,0.0,9
650.0,1,3,01,650.0,1,3,01,196500032.0,MINDPUB,554,EAST FORT AVENUE,BALTIMORE,21230-4751,11/20/2019,205.0,0.0,39.27322685,-76.60543280423022,205.0,0.0,10
650.0,1,3,02,650.0,1,3,02,650707.0,PARK BENCH,1749,BELT STREET,BALTIMORE,21230-4707,10/13/2010,0.0,0.0,39.26986825,-76.60544804741379,0.0,0.0,11
650.0,1,3,03,650.0,1,3,03,176500031.0,HERSH'S,1843,LIGHT STREET,BALTIMORE,21230-4920,12/07/2017,305.41,36.5,39.26866085,-76.61164284596993,305.41,36.5,12
650.0,1,3,04,650.0,1,3,04,216500021.0,WATER SONG ,21,EAST CROSS STREET,BALTIMORE,21230,06/10/2021,219.32,0.0,39.2765098,-76.61349629663881,219.32,0.0,13
650.0,1,3,05,650.0,1,3,05,236500010.0,BE MORE THAI,1006,LIGHT STREET,BALTIMORE,21230-4018,03/06/2023,264.0,0.0,39.278029450000005,-76.61279853824908,264.0,0.0,14
650.0,1,3,06,650.0,1,3,06,65047430.0,THAI ARROY,1019,LIGHT STREET,BALTIMORE,21230,09/10/2006,161.46,0.0,39.2779406875,-76.6124129375,161.46,0.0,15
650.0,1,3,07,650.0,1,3,07,236500015.0,VIDA TACO BAR,333,WEST CAMDEN STREET,BALTIMORE,21201,04/24/2023,0.0,0.0,39.285186333333336,-76.62013566666667,0.0,0.0,16
650.0,1,3,08,650.0,1,3,08,650868.0,PRATT STREET ALE HOUSE,206,WEST PRATT STREET,BALTIMORE,21201-2426,01/13/2012,661.42,211.42,39.28641,-76.61904,661.42,211.42,17
650.0,1,4,01,650.0,1,4,01,246500002.0,ATTMAN'S BALTIMORE,1401,POINT STREET,BALTIMORE,21231,01/08/2024,680.7,135.7,39.28032546464647,-76.59759663636363,680.7,135.7,18
650.0,1,4,02,650.0,1,4,02,196500008.0,SWEETGREEN - HARBOR EAST,1306,FLEET STREET,BALTIMORE,21231,01/30/2019,1154.73,792.32,39.28439665306123,-76.59897026530612,1154.73,792.32,19
650.0,1,4,03,650.0,1,4,03,166500111.0,TACO FIESTA,618,SOUTH EXETER STREET,BALTIMORE,21202,03/04/2016,319.32,56.35,39.28403330961741,-76.60041712483532,319.32,56.35,20
650.0,1,4,04,650.0,1,4,04,650938.0,GERMANO'S TRATTORIA,300,SOUTH HIGH STREET,BALTIMORE,21202-4333,10/15/2012,0.0,0.0,39.286175,-76.601852,0.0,0.0,21
650.0,1,4,05,650.0,1,4,05,196500020.0,AMICCIS,231,SOUTH HIGH STREET,BALTIMORE,21202-4454,08/15/2019,715.0,0.0,39.286811615384615,-76.60201969230769,715.0,0.0,22
650.0,1,4,06,650.0,1,4,06,65092620.0,LA TAVOLA,248,ALBEMARLE STREET,BALTIMORE,21202-4455,04/08/1997,391.31,45.38,39.28647964864865,-76.60263602702703,391.31,45.38,23
650.0,1,4,07,650.0,1,4,07,226500030.0,AMMOORA RESTAURANT,751,KEY HIGHWAY,BALTIMORE,21230,10/03/2022,382.17,0.0,39.28054184473893,-76.60647690145632,382.17,0.0,24
650.0,1,5,01,650.0,1,5,01,650936.0,PHO 7 RICH,4136,EAST JOPPA ROAD,NOTTINGHAM,21236-2286,10/10/2012,245.82,0.0,39.399034,-76.481658,245.82,0.0,25
650.0,1,5,02,650.0,1,5,02,650944.0,MISSION BBQ NOTTINGHAM,4132,EAST JOPPA ROAD,NOTTINGHAM,21236,10/22/2012,775.33,248.31,39.399879,-76.482713,775.33,248.31,26
650.0,1,5,03,650.0,1,5,03,216500016.0,PHO SAIGON HANOI ,9613,HARFORD ROAD,PARKVILLE,21234-2150,05/20/2021,315.0,0.0,39.39550465,-76.5219236240098,315.0,0.0,27
650.0,1,5,04,650.0,1,5,04,650502.0,HOUSE OF KABOB,8025,HARFORD ROAD,PARKVILLE,21234,09/04/2008,215.0,0.0,39.3758319,-76.540707,215.0,0.0,28
650.0,1,5,05,650.0,1,5,05,650485.0,VALENTINO'S RESTAURANT,6627,HARFORD ROAD,BALTIMORE,21214-1306,06/04/2008,800.0,0.0,39.36275734693877,-76.55232414285715,800.0,0.0,29
650.0,1,5,06,650.0,1,5,06,156500378.0,SILVER QUEEN CAFE,5427,HARFORD ROAD,BALTIMORE,21214-2217,10/13/2015,317.39,30.25,39.3517351625,-76.5621095125,317.39,30.25,30
650.0,1,5,07,650.0,1,5,07,226500032.0,CAFE CAMPLI,4801,HARFORD ROAD,BALTIMORE,21214-2935,12/05/2022,331.75,91.75,39.3446876,-76.56740402433003,331.75,91.75,31
650.0,1,6,09,650.0,1,6,09,246500008.0,JUICY KING CRAB,7916,BELAIR ROAD,NOTTINGHAM,21236,02/27/2024,171.33,0.0,39.373811,-76.5117344,171.33,0.0,32
650.0,1,6,10,650.0,1,6,10,65065391.0,CHINA WOK,7916,HONEYGO BOULEVARD,NOTTINGHAM,21236,06/15/2004,189.0,0.0,39.3741892,-76.4722308,189.0,0.0,33
650.0,1,6,11,650.0,1,6,11,196500028.0,AKIRA RAMEN ,8133,HONEYGO BOULEVARD,WHITE MARSH,21236,09/17/2019,246.3,20.5,39.37162837898192,-76.46624520888918,246.3,20.5,34
650.0,1,6,12,650.0,1,6,12,650389.0,KOBE JAPANESE STEAK HOUSE,8165,HONEYGO BOULEVARD,NOTTINGHAM,21236-8208,12/29/2006,394.93,0.0,39.371664548773886,-76.465789952244,394.93,0.0,35
650.0,1,6,13,650.0,1,6,13,166500243.0,EDORRITO ASIAN BISTRO,5203,CAMPBELL BOULEVARD,NOTTINGHAM,21236,10/25/2016,246.0,0.0,39.36984250507985,-76.45448497010557,246.0,0.0,36
650.0,1,6,14,650.0,1,6,14,166500236.0,LEDO PIZZA OF WHITE MARSH,5350,CAMPBELL BOULEVARD,NOTTINGHAM,21236-4914,09/26/2016,534.0,284.0,39.3677221,-76.4496147,534.0,284.0,37
650.0,1,6,15,650.0,1,6,15,186500025.0,THAI RAINBOW RESTAURANT,750,CONCOURSE CIRCLE,MIDDLE RIVER,21220-2995,09/06/2018,216.63,9.12,39.35957835,-76.4069574601406,216.63,9.12,38
650.0,1,6,16,650.0,1,6,16,166500248.0,VINCEâ€™S CRAB HOUSE,610,COMPASS ROAD,MIDDLE RIVER,21220,11/23/2016,312.61,20.83,39.3433596,-76.44796,312.61,20.83,39
650.0,1,7,02,650.0,1,7,02,650433.0,HAN JOONG KWAN,9338,BALTIMORE NATIONAL PIKE,ELLICOTT CITY,21042-2805,08/15/2007,275.56,10.55,39.278111550000006,-76.8334750374122,275.56,10.55,40
650.0,1,7,03,650.0,1,7,03,146500058.0,MISSION BBQ COLUMBIA,6270,COLUMBIA CROSSING CIRCLE,COLUMBIA,21045,06/24/2014,1026.36,166.13,39.19868547176594,-76.81438263226512,1026.36,166.13,41
650.0,1,7,"01,01",650.0,1,7,"01,01",65091580.0,SHANNON'S SALOON & RESTAURANT,9338,BALTIMORE NATIONAL PIKE,ELLICOTT CITY,21042-2805,12/29/2003,2112.21,1321.17,39.278111550000006,-76.8334750374122,2112.21,1321.17,42
650.0,1,7,"04,02",650.0,1,7,"04,02",6501006.0,THE ALL AMERICAN STEAKHOUSE,3615,EAST JOPPA ROAD,PARKVILLE,21234,05/01/2013,1171.26,244.68,39.395068,-76.500756,1171.26,244.68,43
650.0,1,8,01,650.0,1,8,01,650432.0,EL SALVADOR RESTAURANT,207,SOUTH BROADWAY,BALTIMORE,21231-2406,08/06/2007,414.85,0.0,39.28899655,-76.59328361415342,414.85,0.0,44
650.0,1,8,02,650.0,1,8,02,166500229.0,ANGIE'S SEAFOOD,1727,EAST PRATT STREET,BALTIMORE,21231-1819,08/26/2016,471.14,0.0,39.289230775510205,-76.59218397959184,471.14,0.0,45
650.0,1,8,03,650.0,1,8,03,216500032.0,LITTLE DONNA'S ,1812,BANK STREET,BALTIMORE,21231-2506,09/08/2021,321.09,0.0,39.28689985,-76.59086450627674,321.09,0.0,46
650.0,1,8,04,650.0,1,8,04,216500001.0,ASAHI SUSHI,514,SOUTH BROADWAY,BALTIMORE,21231-2912,01/04/2021,0.0,0.0,39.28503015,-76.59391200366802,0.0,0.0,47
650.0,1,8,05,650.0,1,8,05,156500195.0,TWIST FELLS POINT,723,SOUTH BROADWAY,BALTIMORE,21231-3407,06/22/2015,249.5,0.0,39.28292145,-76.5928142576752,249.5,0.0,48
650.0,1,8,06,650.0,1,8,06,176500002.0,PENNY BLACK,1800,THAMES STREET,BALTIMORE,21231-3509,02/17/2017,184.0,0.0,39.28210535,-76.5909991,184.0,0.0,49
650.0,1,8,08,650.0,1,8,08,650479.0,BLACK OLIVE RESTAURANT,901,SOUTH BOND STREET,BALTIMORE,21231-3339,05/12/2008,197.63,0.0,39.2805457,-76.594155,197.63,0.0,50
650.0,1,8,"07,03",650.0,1,8,"07,03",650778.0,THAMES STREET OYSTER,1728,THAMES STREET,BALTIMORE,21231,04/18/2011,580.91,0.0,39.281952,-76.59247542857143,580.91,0.0,51
650.0,1,9,01,650.0,1,9,01,196500009.0,AKIRA RAMEN & IZAKAYA,3731,BOSTON STREET,BALTIMORE,21224,03/12/2019,250.92,0.0,39.276183,-76.56506201208254,250.92,0.0,52
650.0,1,9,02,650.0,1,9,02,166500075.0,CHESAPEAKE WINE COMPANY,2400,BOSTON STREET,BALTIMORE,21224,02/29/2016,205.0,0.0,39.2812022,-76.5800877,205.0,0.0,53
650.0,1,9,03,650.0,1,9,03,146500261.0,KATANA SUSHI BALTIMORE,845,SOUTH MONTFORD AVENUE,BALTIMORE,21224-3643,12/16/2014,175.0,0.0,39.2821105,-76.5823748505866,175.0,0.0,54
650.0,1,9,04,650.0,1,9,04,196500033.0,NIHAO,2322,BOSTON STREET,BALTIMORE,21224-3601,10/09/2019,654.21,102.17,39.28296605,-76.58380164774391,654.21,102.17,55
650.0,1,9,05,650.0,1,9,05,186500024.0,CHARMED KITCHEN,123,SOUTH CHESTER STREET,BALTIMORE,21231-2010,09/04/2018,269.5,20.5,39.28970355,-76.5871465776702,269.5,20.5,56
650.0,1,9,06,650.0,1,9,06,206500015.0,FRESH EXPRESS,525,NORTH WOLFE STREET,BALTIMORE,21205-2110,12/14/2020,269.0,0.0,39.29673916326531,-76.59066073469388,269.0,0.0,57
650.0,1,10,01,650.0,1,10,01,236500009.0,OVENBIRD BAKERY,300,3925 GOUGH STREET,BALTIMORE,21224,03/01/2023,562.47,205.4,39.289027,-76.557219,562.47,205.4,58
650.0,1,10,02,650.0,1,10,02,650826.0,K & D RESTAURANT,3706,EASTERN AVENUE,BALTIMORE,21224-4207,08/29/2011,222.7,17.7,39.2868183,-76.5661911,222.7,17.7,59
650.0,1,10,03,650.0,1,10,03,196500013.0,PHO BAC,700,SOUTH POTOMAC STREET,BALTIMORE,21224-3955,04/19/2019,240.76,0.0,39.284185,-76.574468,240.76,0.0,60
650.0,1,10,04,650.0,1,10,04,6501046.0,MISSION BBQ CANTON,3701,BOSTON STREET,BALTIMORE,21224,08/15/2013,488.36,29.43,39.276884,-76.565012,488.36,29.43,61
650.0,1,10,05,650.0,1,10,05,236500017.0,SCHOLA,2744,LIGHTHOUSE POINT EAST,BALTIMORE,21224,05/22/2023,256.62,0.0,39.27817486044775,-76.57806111040526,256.62,0.0,62
650.0,1,10,06,650.0,1,10,06,196500024.0,NAKED GRILL SUSHI AND YAKITORI,2748,LIGHTHOUSE POINT EAST,BALTIMORE,21224-4759,08/26/2019,276.0,0.0,39.27815590782199,-76.57808139852338,276.0,0.0,63
650.0,1,11,01,650.0,1,11,01,236500023.0,MISSION BBQ - WILMINGTON,3662,CONCORD PIKE,WILMINGTON,19803,07/17/2023,806.55,115.79,39.80402653837631,-75.54830194557644,806.55,115.79,64
650.0,1,11,02,650.0,1,11,02,166500225.0,HIBACHI GRILL & SUPREME SUSHI BUFFET,4403,KIRKWOOD HIGHWAY,WILMINGTON,19808,07/29/2016,716.09,0.0,39.72686892857143,-75.65189109183673,716.09,0.0,65
650.0,1,11,03,650.0,1,11,03,226500017.0,PLAZA AZTECA,928,BEAR CORBITT ROAD,NEWARK,19702,07/11/2022,1095.47,25.43,39.631134,-75.660544,1095.47,25.43,66
650.0,1,12,01,650.0,1,12,01,226500025.0,FIESTA MAYA MEXICAN GRILL,200,PENCADER PLAZA,NEWARK,19713,09/21/2022,270.35,0.0,39.659172,-75.736935,270.35,0.0,67
650.0,1,12,02,650.0,1,12,02,216500002.0,KUNGFU HOTPOT ,230,EAST MAIN STREET,NEWARK,19711,01/04/2021,354.96,0.0,39.68375608623192,-75.74510077443578,354.96,0.0,68
650.0,1,12,03,650.0,1,12,03,216500004.0,FREDDY'S WINGS AND WRAPS ,174,EAST MAIN STREET,NEWARK,19711-7309,01/11/2021,220.0,0.0,39.683651074852165,-75.74628158476214,220.0,0.0,69
650.0,1,12,04,650.0,1,12,04,196500014.0,ROOTS NATURAL KITCHEN,120,EAST MAIN STREET,NEWARK,19711,05/16/2019,518.51,0.0,39.68352895635361,-75.74798402660313,518.51,0.0,70
650.0,1,12,05,650.0,1,12,05,65040669.0,NEWARK COUNTRY CLUB,300,WEST MAIN STREET,NEWARK,19711-3218,04/12/2006,178.55,0.0,39.68577046389783,-75.76333254213104,178.55,0.0,71
650.0,1,12,06,650.0,1,12,06,650419.0,LA CUCINA RESTAURANT,103,NORTH WASHINGTON STREET,HAVRE DE GRACE,21078,05/16/2007,351.44,0.0,39.54785966321027,-76.089645,351.44,0.0,72
650.0,1,13,05,650.0,1,13,05,650748.0,SUPANO'S STEAK HOUSE,110,WATER STREET,BALTIMORE,21202-1001,01/31/2011,225.0,0.0,39.2883776,-76.6130822,225.0,0.0,73
650.0,1,13,06,650.0,1,13,06,226500023.0,ROSINA'S GOURMET,300,EAST LOMBARD STREET,BALTIMORE,21202-3219,09/27/2022,297.0,0.0,39.287978,-76.610647,297.0,0.0,74
650.0,1,13,07,650.0,1,13,07,196500023.0,ROD DEE THAI,340,NORTH CHARLES STREET,BALTIMORE,21201,08/19/2019,80.0,0.0,39.29374397058824,-76.61557405882353,80.0,0.0,75
650.0,1,13,08,650.0,1,13,08,65093622.0,SOTTO SOPRA,405,NORTH CHARLES STREET,BALTIMORE,21201-0000,07/12/1999,387.23,0.0,39.29426728571429,-76.61538897959183,387.23,0.0,76
650.0,1,13,09,650.0,1,13,09,146500121.0,IGGIES RESTAURANT,818,NORTH CALVERT STREET,BALTIMORE,21202,08/13/2014,0.0,0.0,39.298976591836734,-76.6131062244898,0.0,0.0,77
650.0,1,13,10,650.0,1,13,10,176500020.0,CAFE FILI,816,CATHEDRAL STREET,BALTIMORE,21201,06/05/2017,252.22,0.0,39.29877297959184,-76.6172796122449,252.22,0.0,78
650.0,1,13,11,650.0,1,13,11,216500030.0,CENTRAL BAR ,885,NORTH HOWARD STREET,BALTIMORE,21201,08/27/2021,0.0,0.0,39.3005658,-76.61984411084745,0.0,0.0,79
650.0,1,13,12,650.0,1,13,12,236500028.0,NOONA'S PIZZA,1203,WEST MOUNT ROYAL AVENUE,BALTIMORE,21217,11/16/2023,246.6,10.08,39.30713524489796,-76.62013279591837,246.6,10.08,80
650.0,1,14,06,650.0,1,14,06,186500030.0,LE COMPTOIR DU VIN,1729,MARYLAND AVENUE,BALTIMORE,21201,10/25/2018,288.41,56.45,39.3094941,-76.6175814,288.41,56.45,81
650.0,1,14,07,650.0,1,14,07,216500029.0,CHURCH BAR,2219 ,MARYLAND AVE,BALTIMORE,21218,08/10/2021,0.0,0.0,39.31489035,-76.61780822625337,0.0,0.0,82
650.0,1,14,08,650.0,1,14,08,216500031.0,SAKOON INDIAN FUSION,3105 B,ST. PAUL STREET,BALTIMORE,21218,09/07/2021,189.0,0.0,39.3171237,-76.6153514,189.0,0.0,83
650.0,1,14,09,650.0,1,14,09,236500019.0,TOKI UNDERGROUND,2731,GREENMOUNT AVENUE,BALTIMORE,21218-4496,06/21/2023,287.27,41.27,39.3216132,-76.60929475,287.27,41.27,84
650.0,1,14,10,650.0,1,14,10,65040034.0,CHARLES VILLAGE PUB ,3107,SAINT PAUL STREET,BALTIMORE,21218-3841,03/14/2002,314.93,0.0,39.32615125,-76.61555283665302,314.93,0.0,85
650.0,1,14,11,650.0,1,14,11,65086721.0,TAMBERS NIFTY FIFTY,3327,SAINT PAUL STREET,BALTIMORE,21218-3254,05/16/2006,185.0,0.0,39.329088600000006,-76.61568166206422,185.0,0.0,86
650.0,1,14,12,650.0,1,14,12,226500016.0,KAJIKEN,7,EAST 33RD STREET,BALTIMORE,21218,07/15/2022,318.36,0.0,39.32798281632653,-76.61650902040816,318.36,0.0,87
650.0,1,14,13,650.0,1,14,13,236500018.0,BE.BIM KOREAN BBQ,301,WEST 29TH STREET,BALTIMORE,21211-2910,06/19/2023,240.0,0.0,39.3217098,-76.6221426,240.0,0.0,88
650.0,1,15,01,650.0,1,15,01,216500015.0,REMI'S ,300,W. 30TH STREET,BALTIMORE,21211,04/16/2021,0.0,0.0,39.3231862,-76.62315497000586,0.0,0.0,89
650.0,1,15,02,650.0,1,15,02,156500396.0,COSIMA,3000,FALLS ROAD,BALTIMORE,21211,11/04/2015,932.63,361.15,39.3227112,-76.6305328,932.63,361.15,90
650.0,1,15,03,650.0,1,15,03,6505398.0,ON THE HILL CAFE,1431,JOHN STREET,BALTIMORE,21217,06/21/2005,155.28,0.0,39.3084351,-76.62373859842194,155.28,0.0,91
650.0,1,15,04,650.0,1,15,04,196500012.0,THE TILTED ROW,305,MC MECHEN STREET,BALTIMORE,21217,04/09/2019,571.15,0.0,39.3063278,-76.6285671,571.15,0.0,92
650.0,1,15,05,650.0,1,15,05,226500021.0,BALTIMORE UNITY HALL,1505,EUTAW PLACE,BALTIMORE,21217,08/11/2022,0.0,0.0,39.3058539,-76.6279523,0.0,0.0,93
650.0,1,15,06,650.0,1,15,06,236500006.0,TUERK HOUSE,730,ASHBURTON STREET,BALTIMORE,21216-4703,01/10/2023,266.54,0.0,39.2968731,-76.6616496,266.54,0.0,94
650.0,1,15,07,650.0,1,15,07,206500007.0,FAYETTE HOUSE ,15,SOUTH FULTON AVENUE,BALTIMORE,21217,05/04/2020,239.0,0.0,39.28792411111112,-76.64509433333333,239.0,0.0,95
650.0,1,15,08,650.0,1,15,08,246500007.0,FLOCK,1415,WASHINGTON BOULEVARD,BALTIMORE,21230-1830,01/25/2024,205.53,42.2,39.2792382,-76.63690598028236,205.53,42.2,96
650.0,1,16,01,650.0,1,16,01,65094609.0,LEE'S HUNAN,971,BEARDS HILL ROAD,ABERDEEN,21001,05/03/1990,242.19,0.0,39.5246324,-76.1801638,242.19,0.0,97
650.0,1,16,02,650.0,1,16,02,650820.0,LA TOLTECA ABERDEEN,984,HOSPITALITY WAY,ABERDEEN,21001-1779,08/25/2011,671.73,0.0,39.52385341625908,-76.18447638307886,671.73,0.0,98
650.0,1,16,03,650.0,1,16,03,650827.0,LA TOLTECA BEL AIR,2350,EAST CHURCHVILLE ROAD,BEL AIR,21015-1721,09/07/2011,308.44,0.0,39.555704,-76.274603,308.44,0.0,99
650.0,1,16,04,650.0,1,16,04,6501052.0,LEE'S ASIAN BISTRO,1408,HANDLIR DRIVE,BEL AIR,21015-6600,09/12/2013,222.72,12.72,39.48095684052067,-76.25439227647641,222.72,12.72,100
650.0,1,16,05,650.0,1,16,05,236500001.0,HUO GUO BEL AIR,5,BEL AIR SOUTH PARKWAY,BEL AIR,21015,12/30/2022,517.77,0.0,39.49734305,-76.32561231932084,517.77,0.0,101
650.0,1,16,06,650.0,1,16,06,236500011.0,LATITUDE SEAFOOD,5,BEL AIR SOUTH PARKWAY,BEL AIR,21015-6094,03/06/2023,1593.3,604.3,39.49734305,-76.32561231932084,1593.3,604.3,102
650.0,1,16,07,650.0,1,16,07,6501086.0,INDIA GARDEN,5,BEL AIR SOUTH PARKWAY,BEL AIR,21015,03/31/2014,165.0,0.0,39.49734305,-76.32561231932084,165.0,0.0,103
650.0,1,18,01,650.0,1,18,01,650814.0,SIZZLING BOMBAY,2108,OLD EMMORTON ROAD,BEL AIR,21015-6800,08/02/2011,240.0,0.0,39.4936772,-76.322036,240.0,0.0,104
650.0,1,18,02,650.0,1,18,02,650996.0,LEMON N' GINGER,3491,MERCHANT BOULEVARD,ABINGDON,21009,03/29/2013,335.09,0.0,39.46703525,-76.30778879280837,335.09,0.0,105
650.0,1,18,03,650.0,1,18,03,176500019.0,ISLAND SPICE CUISINE,2120,EMMORTON PARK ROAD,EDGEWOOD,21040-1066,05/24/2017,703.77,402.78,39.45267831104635,-76.30969916743928,703.77,402.78,106
650.0,1,18,04,650.0,1,18,04,216500019.0,VENETIAN ITALIAN EATERY,1901,TREE TOP DRIVE,EDGEWOOD,21040-1632,06/04/2021,493.65,20.83,39.434716,-76.313933,493.65,20.83,107
650.0,1,18,05,650.0,1,18,05,156500405.0,LA TOLTECA JOPPA,1411,MOUNTAIN ROAD,EDGEWOOD,21085,12/03/2015,538.9,0.0,39.43920765,-76.34498208632701,538.9,0.0,108
650.0,1,18,06,650.0,1,18,06,65094414.0,DELLIS' BAR & GRILL,8776,PHILADELPHIA ROAD,ROSEDALE,21237,04/25/2001,1077.53,359.18,39.3410786,-76.4845167,1077.53,359.18,109
650.0,1,19,01,650.0,1,19,01,6501056.0,BOMBAY NIGHTS,5007,HONEYGO CENTER DRIVE,PERRY HALL ,21128,05/01/2013,275.0,0.0,39.404683,-76.4431282,275.0,0.0,110
650.0,1,19,02,650.0,1,19,02,65023694.0,CHOPSTIX CAFE,5002,HONEYGO CENTER DRIVE,PERRY HALL ,21128,09/21/2004,245.0,0.0,39.4050555,-76.4434178,245.0,0.0,111
650.0,1,19,03,650.0,1,19,03,166500206.0,TASTE OF TAJ,9810,BELAIR ROAD,PERRY HALL ,21128,04/29/2016,179.0,0.0,39.4191206,-76.45756043173098,179.0,0.0,112
650.0,1,19,04,650.0,1,19,04,226500014.0,RAVAGE DELI,9636,BELAIR ROAD,NOTTINGHAM,21236,07/11/2022,240.0,0.0,39.412228612244895,-76.46468681632652,240.0,0.0,113
650.0,1,19,05,650.0,1,19,05,650721.0,FRIENDLY'S PERRY HALL,9551,BELAIR ROAD,NOTTINGHAM,21236-1509,12/03/2010,323.4,140.39,39.41006334693878,-76.46689202040815,323.4,140.39,114
650.0,1,19,06,650.0,1,19,06,196500015.0,EL SALTO - PERRY HALL,4335,EBENEZER ROAD,PERRY HALL ,21236-2143,05/16/2019,555.18,19.53,39.39763122857144,-76.47651831428571,555.18,19.53,115
650.0,1,19,07,650.0,1,19,07,650890.0,YAMA SUSHI PERRY HALL,4347,EBENEZER ROAD,NOTTINGHAM,21236-2143,05/04/2012,190.0,0.0,39.39758905714286,-76.47637482857142,190.0,0.0,116
650.0,2,1,01,650.0,2,1,01,6501054.0,LA TOLTECA COCKEYSVILLE,10010,YORK ROAD,COCKEYSVILLE,21030-3304,09/16/2013,284.18,0.0,39.463020331158326,-76.6360408030376,284.18,0.0,117
650.0,2,1,02,650.0,2,1,02,156500107.0,ROYAL KITCHEN,9832,YORK ROAD,COCKEYSVILLE,21030-4914,03/26/2015,130.0,0.0,39.45989725,-76.63510257394353,130.0,0.0,118
650.0,2,1,03,650.0,2,1,03,65092857.0,EDO SUSHI TIMONIUM,53,EAST PADONIA ROAD,TIMONIUM,21093,11/19/1997,185.43,0.0,39.456465,-76.63062143345996,185.43,0.0,119
650.0,2,1,04,650.0,2,1,04,156500046.0,CUVINO,61,EAST PADONIA ROAD,TIMONIUM,21093-2346,02/23/2015,597.96,0.0,39.455713,-76.6295927,597.96,0.0,120
650.0,2,1,05,650.0,2,1,05,216500009.0,KUNG FU 12 SZECHUAN - TIMONIUM,1427,YORK ROAD,TIMONIUM,21093,02/15/2021,473.84,0.0,39.42002236363636,-76.61624127272727,473.84,0.0,121
650.0,2,2,01,650.0,2,2,01,65062066.0,LEDO PIZZA OF ELLICOTT CITY,8480,BALTIMORE NATIONAL PIKE,ELLICOTT CITY,21043,11/18/2002,635.0,231.93,39.28473971794872,-76.8073855128205,635.0,231.93,122
650.0,2,2,02,650.0,2,2,02,156500402.0,ZEN GARDEN,10039,BALTIMORE NATIONAL PIKE,ELLICOTT CITY,21042,12/03/2015,68.33,0.0,39.27867665,-76.85752193839484,68.33,0.0,123
650.0,2,2,03,650.0,2,2,03,226500028.0,BBQ CHICKEN,8801,BALTIMORE NATIONAL PIKE,ELLICOTT CITY,21043-4123,10/03/2022,258.36,0.0,39.27753125,-76.81781375380308,258.36,0.0,124
650.0,2,2,04,650.0,2,2,04,216500027.0,KUNG FU TEA ,9210,BALTIMORE NATIONAL PIKE,ELLICOTT CITY,21042,08/06/2021,160.4,160.4,39.27956025,-76.83124592657018,160.4,160.4,125
650.0,2,2,05,650.0,2,2,05,226500004.0,PHO 5UP - HANOVER,1350,DORSEY ROAD,HANOVER,21076-1433,01/24/2022,240.0,0.0,39.15942075,-76.7106495731594,240.0,0.0,126
650.0,2,2,06,650.0,2,2,06,176500010.0,K POCHA,8801,BALTIMORE NATIONAL PIKE,ELLICOTT CITY,21043,03/30/2017,215.0,0.0,39.27753125,-76.81781375380308,215.0,0.0,127
650.0,2,2,"07,04",650.0,2,2,"07,04",226500007.0,CHARM CITY BUFFET,2033,EAST JOPPA ROAD,PARKVILLE,21234,05/23/2022,1199.57,26.47,39.39846561902369,-76.54252230893371,1199.57,26.47,128
650.0,2,3,02,650.0,2,3,02,226500012.0,THE CRAZY MASON MILKSHAKE BAR,8225,MAIN STREET,ELLICOTT CITY,21043-4620,06/29/2022,314.93,17.93,39.26752456571269,-76.79843154164158,314.93,17.93,129
650.0,2,3,03,650.0,2,3,03,186500038.0,UMI SUSHI,8167,MAIN STREET,ELLICOTT CITY,21043,12/28/2018,380.0,0.0,39.2672515,-76.797262,380.0,0.0,130
650.0,2,3,04,650.0,2,3,04,650496.0,CITY VIEW RESTAURANT,6700,SECURITY BOULEVARD,WOODLAWN,21207-4038,07/21/2008,486.2,42.2,39.3130592,-76.7414199,486.2,42.2,131
650.0,2,3,05,650.0,2,3,05,650928.0,LAS VEGAS OF WOODLAWN,7091,SECURITY BOULEVARD,WOODLAWN,21244-2562,09/11/2012,240.0,0.0,39.31315761026151,-76.75389823625224,240.0,0.0,132
650.0,2,3,06,650.0,2,3,06,6501012.0,NEW LIFE HEALTHY LIVING,7600,CLAYS LANE,WINDSOR MILL,21244-2003,05/31/2013,0.0,0.0,39.3363557,-76.7639144,0.0,0.0,133
650.0,2,3,07,650.0,2,3,07,186500035.0,DOMINO'S PIZZA RANDALLSTOWN #4696,3502,BRENBROOK DRIVE,RANDALLSTOWN,21133-4902,12/17/2018,195.0,0.0,39.3626936,-76.7869732,195.0,0.0,134
650.0,2,3,"01,03",650.0,2,3,"01,03",65093606.0,DOUBLE T DINER - ELLICOTT CITY,10055,BALTIMORE NATIONAL PIKE,ELLICOTT CITY,21042-3611,06/29/1999,2945.69,1849.63,39.27914997771793,-76.85837279313955,2945.69,1849.63,135
650.0,2,4,03,650.0,2,4,03,206500014.0,MISSION BBQ - TOWSON,740,YORK ROAD,TOWSON,21204-2503,11/05/2020,713.08,136.57,39.4055607,-76.6073843,713.08,136.57,136
650.0,2,4,"01,01",650.0,2,4,"01,01",650466.0,NAUTILUS DINER,2047,YORK ROAD,TIMONIUM,21093-4230,02/26/2008,694.1,9.22,39.438099214285714,-76.62527421428571,694.1,9.22,137
650.0,2,4,"02,02",650.0,2,4,"02,02",650399.0,BLUE STONE RESTAURANT,11,WEST AYLESBURY ROAD,TIMONIUM,21093-4102,02/16/2007,2848.26,27.35,39.4338621,-76.6281895,2848.26,27.35,138
650.0,2,5,08,650.0,2,5,08,6501024.0,COAL FIRE PIZZA HUNT VALLEY,112,SHAWAN ROAD,COCKEYSVILLE,21030,06/17/2013,748.67,395.17,39.4967858,-76.65442469740643,748.67,395.17,139
650.0,2,5,09,650.0,2,5,09,226500031.0,MISSION BBQ - HUNT VALLEY,128,SHAWAN ROAD,HUNT VALLEY,21030,12/19/2022,717.24,107.4,39.49583147927272,-76.6567049310607,717.24,107.4,140
650.0,2,5,10,650.0,2,5,10,226500027.0,IZAKAYA 68,100,SHAWAN ROAD,HUNT VALLEY,21030,09/05/2022,351.96,0.0,39.495881,-76.655815,351.96,0.0,141
650.0,2,5,11,650.0,2,5,11,65050465.0,GREEN LEAF RESTAURANT,11313,YORK ROAD,COCKEYSVILLE,21030,11/02/2004,301.08,0.0,39.4942353,-76.6487905,301.08,0.0,142
650.0,2,5,12,650.0,2,5,12,650982.0,FUSION,10752,YORK ROAD,COCKEYSVILLE,21030-2121,03/12/2013,301.54,19.3,39.4809764,-76.64424811739323,301.54,19.3,143
650.0,2,5,13,650.0,2,5,13,650768.0,CAFE SPICE INDIA CUISINE,10540,YORK ROAD,COCKEYSVILLE,21030,03/15/2011,341.22,0.0,39.47741595,-76.64338606163412,341.22,0.0,144
650.0,2,5,14,650.0,2,5,14,650437.0,VITO'S RESTAURANT,10249,YORK ROAD,COCKEYSVILLE,21030,08/27/2007,529.47,136.7,39.47063214285714,-76.639122,529.47,136.7,145
650.0,2,5,15,650.0,2,5,15,176500023.0,MIKU SUSHI & STEAKHOUSE,584,CRANBROOK ROAD,COCKEYSVILLE,21030-3702,06/27/2017,225.0,0.0,39.47140137288136,-76.6197702542373,225.0,0.0,146
650.0,2,6,01,650.0,2,6,01,226500018.0,AKIRA RAMEN - TOWSON,1,EAST JOPPA ROAD,TOWSON,21286,07/20/2022,388.04,0.0,39.401807,-76.601901,388.04,0.0,147
650.0,2,6,02,650.0,2,6,02,216500041.0,SWEETGREEN -TOWSON,1,EAST JOPPA ROAD,TOWSON,21286,11/30/2021,790.36,552.24,39.401807,-76.601901,790.36,552.24,148
650.0,2,6,03,650.0,2,6,03,236500020.0,KUNG FU 12 SUSHI,416,YORK ROAD,TOWSON,21204,06/19/2023,0.0,0.0,39.399901,-76.6023893,0.0,0.0,149
650.0,2,6,04,650.0,2,6,04,196500005.0,NEW GENERATION HOT POT,413,YORK ROAD,TOWSON,21204-5124,01/23/2019,498.79,0.0,39.3999508,-76.6027091,498.79,0.0,150
650.0,2,6,05,650.0,2,6,05,226500026.0,LEDO PIZZA TOWSON,1238,PUTTY HILL AVENUE,TOWSON,21286,09/28/2022,319.12,74.12,39.393822,-76.58336,319.12,74.12,151
650.0,2,6,06,650.0,2,6,06,65050330.0,GLORY DAYS GRILL - TOWSON,1220,EAST JOPPA ROAD,TOWSON,21286,10/23/2002,1138.3,544.23,39.3973766,-76.576458,1138.3,544.23,152
650.0,2,6,07,650.0,2,6,07,246500001.0,BIRRIA LOVE,1742,EAST JOPPA ROAD,PARKVILLE,21234-3620,01/09/2024,259.43,40.55,39.3987508,-76.5591224,259.43,40.55,153
650.0,2,6,08,650.0,2,6,08,216500028.0,KABUTO - JOPPA ,8810,WALTHAM WOODS ROAD,PARKVILLE,21234-2402,08/12/2021,404.28,37.73,39.400125,-76.541526,404.28,37.73,154
650.0,2,7,01,650.0,2,7,01,65093711.0,DOUBLE T DINER - CATONSVILLE,6300,BALTIMORE NATIONAL PIKE,CATONSVILLE,21228-3901,10/05/1999,1653.79,535.13,39.283963,-76.754584,1653.79,535.13,155
650.0,2,8,01,650.0,2,8,01,196500035.0,DOMINO'S PIZZA HARRISBURG,479,EISENHOWER BOULEVARD,HARRISBURG,17111-2302,12/17/2019,239.0,0.0,40.25009048030922,-76.81355224918207,239.0,0.0,156
650.0,2,8,02,650.0,2,8,02,196500026.0,MISSION BBQ - CAMP HILL ,25,NORTH 32ND STREET,MECHANICSBURG,17011-2918,08/12/2019,1138.37,53.44,40.24076344897959,-76.93477571428572,1138.37,53.44,157
650.0,2,8,03,650.0,2,8,03,176500009.0,MISSION BBQ HARRISBURG,5045,JONESTOWN ROAD,HARRISBURG,17112-2922,03/29/2017,641.65,35.63,40.30812918842734,-76.80440822576594,641.65,35.63,158
650.0,2,8,04,650.0,2,8,04,196500017.0,J&B'S GRILL ,14,NORTH MAIN STREET,SHREWSBURY,17361-1322,06/20/2019,222.35,0.0,39.7691774,-76.6802365,222.35,0.0,159
650.0,2,8,05,650.0,2,8,05,176500014.0,ECHO FREZCO SHREWSBURY,634,SHREWSBURY COMMONS AVENUE,SHREWSBURY,17361,04/13/2017,215.0,0.0,39.7704283,-76.6700186,215.0,0.0,160
650.0,2,9,08,650.0,2,9,08,166500205.0,CYPRIANA ,105,WEST 39TH STREET,BALTIMORE,21210,04/28/2016,866.85,127.85,39.33564751020408,-76.62062393877551,866.85,127.85,161
650.0,2,9,09,650.0,2,9,09,166500242.0,DYLAN'S OYSTER CELLAR,3601,CHESTNUT AVENUE,BALTIMORE,21211-2530,10/25/2016,212.08,0.0,39.33135175,-76.62914812063599,212.08,0.0,162
650.0,2,9,10,650.0,2,9,10,166500233.0,FIVE AND DIME ALE HOUSE,901,WEST 36TH STREET,BALTIMORE,21211,09/19/2016,0.0,0.0,39.33084435,-76.63136539199157,0.0,0.0,163
650.0,2,9,11,650.0,2,9,11,65093180.0,SUZIE'S SOBA,1009,WEST 36TH STREET,BALTIMORE,21211-2416,07/14/1998,0.0,0.0,39.330878600000005,-76.6330268109875,0.0,0.0,164
650.0,2,9,12,650.0,2,9,12,650387.0,GOLDEN WEST ,1105,WEST 36TH STREET,BALTIMORE,21211,12/12/2006,968.69,158.25,39.330868550000005,-76.63400149028354,968.69,158.25,165
650.0,2,9,13,650.0,2,9,13,216500039.0,GRANO PASTA BAR,1031,W 36TH ST,BALTIMORE,21210,11/01/2021,246.91,0.0,39.33101651020408,-76.63308118367347,246.91,0.0,166
650.0,2,9,14,650.0,2,9,14,6503727.0,THE WINE SOURCE,3601,ELM AVENUE,BALTIMORE,21211-2402,11/01/2001,130.0,0.0,39.331704,-76.631168,130.0,0.0,167
650.0,2,9,15,650.0,2,9,15,186500012.0,18-8 SUSHI,727,WEST 40TH STREET,BALTIMORE,21211,05/03/2018,215.0,0.0,39.3351418,-76.62986254258465,215.0,0.0,168
650.0,2,10,01,650.0,2,10,01,650866.0,YAMA SUSHI BAR BALTIMORE,1030,WEST 41ST STREET,BALTIMORE,21211,01/13/2012,269.92,0.0,39.33763438455957,-76.63480241131724,269.92,0.0,169
650.0,2,10,02,650.0,2,10,02,206500003.0,THE WINE COLLECTIVE,1700,WEST 41ST STREET,BALTIMORE,21211-1431,01/17/2020,440.0,0.0,39.335269,-76.64360564705882,440.0,0.0,170
650.0,2,10,03,650.0,2,10,03,186500026.0,WOODY'S PUB GRUB,11,MARGARET AVENUE,ESSEX,21221-6704,09/21/2018,0.0,0.0,39.30823755,-76.47422198283883,0.0,0.0,171
650.0,2,10,04,650.0,2,10,04,6501084.0,EUROPE RESTAURANT,4147,LABYRINTH ROAD,BALTIMORE,21215-2202,02/17/2014,330.35,0.0,39.3592419,-76.70777211541375,330.35,0.0,172
650.0,2,10,05,650.0,2,10,05,650639.0,DAVID CHU'S,7105,REISTERSTOWN ROAD,BALTIMORE ,21215-1424,04/09/2010,305.0,0.0,39.363587,-76.71166908165506,305.0,0.0,173
650.0,2,10,06,650.0,2,10,06,186500034.0,DOMINO'S PIZZA PIKESVILLE #4629,607,REISTERSTOWN ROAD,PIKESVILLE,21208-5115,12/17/2018,195.0,0.0,39.369819,-76.7178578,195.0,0.0,174
650.0,2,10,07,650.0,2,10,07,65094406.0,MR CHAN'S SZECHUAN REST,1000,REISTERSTOWN ROAD,PIKESVILLE,21208-4206,03/06/2001,0.0,0.0,39.3728077,-76.7217617,0.0,0.0,175
650.0,2,10,08,650.0,2,10,08,196500001.0,PUNTA CANA RESTAURANT,1330,REISTERSTOWN ROAD,PIKESVILLE,21208,12/31/2018,0.0,0.0,39.3758082,-76.7248187,0.0,0.0,176
650.0,2,10,09,650.0,2,10,09,176500032.0,BRAVO RESTAURANT,1430,REISTERSTOWN ROAD,PIKESVILLE,21208-3843,12/14/2017,284.82,0.0,39.3769146,-76.7255024,284.82,0.0,177
650.0,2,11,01,650.0,2,11,01,650994.0,GUADALAJARA RESTAURANT,2600,EAST MARKET STREET,YORK,17402-2425,04/03/2013,215.0,0.0,39.975044902757965,-76.67561651442337,215.0,0.0,178
650.0,2,11,02,650.0,2,11,02,186500032.0,DOMINO'S PIZZA YORK  #4778,930,SOUTH RICHLAND AVENUE,YORK,17403,12/17/2018,270.2,0.0,39.94343837763737,-76.74044652884373,270.2,0.0,179
650.0,2,11,03,650.0,2,11,03,236500024.0,AA TO ZZ CHILD CARE,215,SAINT CHARLES WAY,YORK,17402-4643,09/11/2023,248.55,0.0,39.92731292656178,-76.69473382285861,248.55,0.0,180
650.0,2,11,04,650.0,2,11,04,186500033.0,DOMINO'S PIZZA YORK #4783,351,LOUCKS ROAD,YORK,17404,12/17/2018,322.01,0.0,39.9847061,-76.7410469,322.01,0.0,181
650.0,2,11,05,650.0,2,11,05,176500027.0,DISTRICT THAI,1057,NORTH GEORGE STREET,YORK,17404,09/08/2017,273.12,33.12,39.97752040625,-76.732979125,273.12,33.12,182
650.0,2,11,06,650.0,2,11,06,196500007.0,DOMINO'S PIZZA YORK #4785,1539,MOUNT ROSE AVENUE,YORK,17403,01/30/2019,195.0,0.0,39.95888293939262,-76.6948477327683,195.0,0.0,183
650.0,2,11,07,650.0,2,11,07,6501030.0,MISSION BBQ YORK,970,LOUCKS ROAD,YORK,17404-2273,06/26/2013,1193.59,53.44,39.97947843505225,-76.75380567096144,1193.59,53.44,184
650.0,2,12,01,650.0,2,12,01,206500013.0,SIMPLY GREEK,23,BRIARCREST SQUARE,HUMMELSTOWN,17033,10/22/2020,220.0,0.0,40.2694437,-76.6713176,220.0,0.0,185
650.0,2,12,02,650.0,2,12,02,650512.0,THE SODA JERK DINER,403,EAST MAIN STREET,HUMMELSTOWN,17036-1861,10/20/2008,750.0,0.0,40.26577853105634,-76.69750978835792,750.0,0.0,186
650.0,2,12,03,650.0,2,12,03,216500037.0,MISSION BBQ - LANCASTER ,2002,FRUITVILLE PIKE,LANCASTER,17601-7200,11/17/2021,688.98,53.44,40.075607,-76.324402,688.98,53.44,187
650.0,2,12,04,650.0,2,12,04,246500006.0,ICHIBAN,1870,FRUITVILLE PIKE,LANCASTER,17601,01/23/2024,252.48,53.15,40.072011,-76.32073,252.48,53.15,188
650.0,2,13,01,650.0,2,13,01,65094668.0,LUCKY INN RESTAURANT,8924,WALTHAM WOODS ROAD,PARKVILLE,21234,07/18/1990,225.0,0.0,39.402413,-76.53978,225.0,0.0,189
650.0,2,13,02,650.0,2,13,02,650723.0,REMO'S OF N.Y.,8811,WALTHAM WOODS ROAD,PARKVILLE,21234,01/01/2011,253.19,0.0,39.400206496000585,-76.54101790559918,253.19,0.0,190
650.0,2,13,03,650.0,2,13,03,65093551.0,EL SALTO PARKVILLE,8816,WALTHAM WOODS ROAD,PARKVILLE,21234-2402,04/20/1999,193.45,0.0,39.40031632710912,-76.54119231037562,193.45,0.0,191
650.0,2,13,05,650.0,2,13,05,206500010.0,URBAN CRAB SHACK,1991,EAST JOPPA ROAD,PARKVILLE,21234-2733,09/16/2020,662.14,112.35,39.3975674,-76.5437089,662.14,112.35,192
650.0,2,13,06,650.0,2,13,06,156500024.0,EL TROVADOR MERCADO LATINO,2523,PUTTY HILL AVENUE,PARKVILLE,21234-4307,02/04/2015,221.31,0.0,39.3890829,-76.5427335,221.31,0.0,193
650.0,2,13,07,650.0,2,13,07,236500021.0,PURE RAW JUICE,6809,YORK ROAD,TOWSON,21212-1510,07/17/2023,246.0,0.0,39.37776802040816,-76.60858559183673,246.0,0.0,194
650.0,2,13,08,650.0,2,13,08,196500027.0,A1 SUSHI,438,EAST BELVEDERE AVENUE,BALTIMORE,21212-3035,08/29/2019,0.0,0.0,39.36419053061225,-76.61104169387755,0.0,0.0,195
650.0,2,15,02,650.0,2,15,02,156500138.0,PAPER LANTERN ,2020,MARRIOTTSVILLE ROAD,MARRIOTTSVILLE,21104,04/27/2015,306.67,0.0,39.31613595,-76.89955722618015,306.67,0.0,196
650.0,2,15,03,650.0,2,15,03,166500231.0,ASIAN COURT,11105,RESORT ROAD,ELLICOTT CITY,21042,08/31/2016,485.69,0.0,39.29930595,-76.89746455,485.69,0.0,197
650.0,2,15,04,650.0,2,15,04,186500007.0,SIROO & JUK STORY,10176,BALTIMORE NATIONAL PIKE,ELLICOTT CITY,21042,03/07/2018,268.68,0.0,39.28037985,-76.86322429398021,268.68,0.0,198
650.0,2,15,05,650.0,2,15,05,166500029.0,NIKO,3570,SAINT JOHNS LANE,ELLICOTT CITY,21042,02/01/2016,230.0,0.0,39.2725436,-76.8267994,230.0,0.0,199
650.0,2,15,06,650.0,2,15,06,246500005.0,BLACK FLAG SOCIAL HOUSE,2050,MARRIOTTSVILLE ROAD,MARRIOTTSVILLE,21104,01/09/2024,1052.72,320.38,39.313687361359534,-76.89862480090571,1052.72,320.38,200
650.0,2,16,01,650.0,2,16,01,236500005.0,SAKE JAPANESE STEAKHOUSE,10090,REISTERSTOWN ROAD,OWINGS MILLS,21117,01/26/2023,693.0,0.0,39.41232975,-76.77350656416829,693.0,0.0,201
650.0,2,16,02,650.0,2,16,02,166500235.0,MISSION BBQ OWINGS MILLS,10140,REISTERSTOWN ROAD,OWINGS MILLS,21117-3815,09/23/2016,905.46,133.77,39.415009924494775,-76.77378754415184,905.46,133.77,202
650.0,2,16,03,650.0,2,16,03,650554.0,KAVKAZ KEBAB,10902,BOULEVARD CIRCLE,OWINGS MILLS,21117,06/01/2009,215.0,0.0,39.42596219920029,-76.77940241664514,215.0,0.0,203
650.0,2,16,04,650.0,2,16,04,156500358.0,EDOMAE SUSHI,10995,OWINGS MILLS BOULEVARD,OWINGS MILLS,21117,09/15/2015,215.0,0.0,39.4263431,-76.7794245,215.0,0.0,204
650.0,2,16,05,650.0,2,16,05,236500004.0,AKIRA RAMEN - OWINGS MILLS,10200,MILL RUN CIRCLE,OWINGS MILLS,21117,01/18/2023,225.0,0.0,39.404811,-76.79106,225.0,0.0,205
650.0,2,16,06,650.0,2,16,06,156500029.0,LEDO PIZZA OF OWINGS MILLS,9706,GROFFS MILL DRIVE,OWINGS MILLS,21117,02/13/2015,210.0,0.0,39.40483292857143,-76.81014825510204,210.0,0.0,206
650.0,2,16,07,650.0,2,16,07,236500007.0,NOT JUST CRAB,8731,LIBERTY ROAD,RANDALLSTOWN,21133,02/10/2023,384.28,0.0,39.3636976,-76.7860878,384.28,0.0,207
650.0,2,17,01,650.0,2,17,01,156500186.0,GLORY DAYS GRILL - ELLICOTT CITY,10035,BALTIMORE NATIONAL PIKE,ELLICOTT CITY,21042,06/15/2015,1544.65,823.42,39.27785565,-76.85755177194038,1544.65,823.42,208
650.0,2,17,02,650.0,2,17,02,186500006.0,HANG ARI,9380,BALTIMORE NATIONAL PIKE,ELLICOTT CITY,21042,03/01/2018,335.31,0.0,39.27827635,-76.8347870950666,335.31,0.0,209
650.0,2,17,03,650.0,2,17,03,65085524.0,SAKURA OF ELLICOTT CITY,10040,BALTIMORE NATIONAL PIKE,ELLICOTT CITY,21042,01/14/2003,690.03,273.02,39.28120845,-76.85728830780303,690.03,273.02,210
650.0,2,17,04,650.0,2,17,04,650599.0,YAMA SUSHI ELLICOTT CITY,4725-G,DORSEY HALL DRIVE,ELLICOTT CITY,21042,12/18/2009,227.59,0.0,39.2426475,-76.8422261,227.59,0.0,211
650.0,2,17,05,650.0,2,17,05,166500215.0,MISSION BBQ ELLICOTT CITY,3410,PLUMTREE DRIVE,ELLICOTT CITY,21042,06/15/2016,792.85,98.28,39.27690908333333,-76.83577083333334,792.85,98.28,212
650.0,2,17,06,650.0,2,17,06,166500210.0,NORA'S KABOB ELLICOTT CITY,9338,BALTIMORE NATIONAL PIKE,ELLICOTT CITY,21042-2805,05/16/2016,257.27,37.27,39.278111550000006,-76.8334750374122,257.27,37.27,213
650.0,2,18,01,650.0,2,18,01,650740.0,ENOTRIA,2,NEWPORT DRIVE,FOREST HILL,21050-1642,01/19/2011,397.35,27.35,39.578479,-76.385217,397.35,27.35,214
650.0,2,18,02,650.0,2,18,02,650596.0,CHOPSTIX GOURMET FOREST HILL,1523,ROCK SPRING ROAD,FOREST HILL,21050-2855,11/25/2009,263.74,0.0,39.56143385,-76.37054512046561,263.74,0.0,215
650.0,2,18,03,650.0,2,18,03,176500029.0,ECHO FREZCO FOREST HILL,1517,ROCK SPRING ROAD,FOREST HILL,21050,09/19/2017,380.86,9.22,39.5608485,-76.3695493,380.86,9.22,216
650.0,2,18,04,650.0,2,18,04,176500006.0,KIYOMI SUSHI,1443,ROCK SPRING ROAD,BEL AIR,21014,03/03/2017,203.33,0.0,39.55745177777778,-76.36963822222222,203.33,0.0,217
650.0,2,18,05,650.0,2,18,05,156500333.0,TACOS TOLTECA,2823,BELAIR ROAD,FALLSTON,21047,08/21/2015,509.42,123.03,39.48477335790216,-76.40085208865857,509.42,123.03,218
650.0,2,18,06,650.0,2,18,06,196500021.0,VINCES CRAB HOUSE,2108,FALLSTON ROAD,FALLSTON,21047-1442,08/23/2019,331.47,0.0,39.53285549593496,-76.44794715447155,331.47,0.0,219
650.0,2,19,01,650.0,2,19,01,650862.0,THE ORIENT RESTAURANT BEL AIR,15,NORTH MAIN STREET,BEL AIR,21014-3537,12/12/2011,221.51,0.0,39.53690693563868,-76.34973342040574,221.51,0.0,220
650.0,2,19,02,650.0,2,19,02,216500043.0,LEDO PIZZA OF BELAIR,331,BALTIMORE PIKE,BEL AIR,21014-4122,12/21/2021,0.0,0.0,39.52984815,-76.34988680000001,0.0,0.0,221
650.0,2,19,03,650.0,2,19,03,65097161.0,SAKURA OF BEL AIR,615,BELAIR ROAD,BEL AIR,21014,10/12/2001,488.41,126.43,39.5247114,-76.3533539,488.41,126.43,222
650.0,2,19,04,650.0,2,19,04,156500439.0,RAINBOW KING,554,BALTIMORE PIKE,BEL AIR,21014,12/21/2015,234.67,0.0,39.525434,-76.355616,234.67,0.0,223
650.0,2,19,05,650.0,2,19,05,246500003.0,AKIRA RAMEN BEL AIR,111,NORTH TOLLGATE ROAD,BEL AIR,21014,01/09/2024,177.41,0.0,39.524085125,-76.360048875,177.41,0.0,224
650.0,2,19,06,650.0,2,19,06,216500035.0,MISSION BBQ - BEL AIR ,627,BELAIR ROAD,BEL AIR,21014,10/14/2021,727.32,91.77,39.5087984,-76.3803281,727.32,91.77,225
650.0,2,19,07,650.0,2,19,07,650657.0,FRIENDLY'S HARFORD MALL,696,BELAIR ROAD,BEL AIR,21014,06/07/2010,238.94,96.3,39.5081972,-76.3809161,238.94,96.3,226
650.0,3,1,08,650.0,3,1,08,216500026.0,LEDO PIZZA OF CHAMBERSBURG,1300,LINCOLN WAY EAST,CHAMBERSBURG,17202,07/12/2021,266.13,41.13,39.926722,-77.626236,266.13,41.13,227
650.0,3,1,09,650.0,3,1,09,216500042.0,DOMINO'S PIZZA CHAMBERSBURG #4775,408,E. QUEEN STREET,CHAMBERSBURG,17201,12/01/2021,244.0,0.0,39.93481,-77.65412371428572,244.0,0.0,228
650.0,3,1,10,650.0,3,1,10,186500027.0,DOMINO'S PIZZA CHAMBERSBURG #4776,1515,LINCOLN WAY EAST,CHAMBERSBURG,17202-3316,09/21/2018,205.0,0.0,39.925843,-77.616198,205.0,0.0,229
650.0,3,1,11,650.0,3,1,11,216500022.0,J & J'S ASIAN RESTAURANT ,34,BALTIMORE STREET,GETTYSBURG,17325,07/01/2021,0.0,0.0,39.83000295,-77.23082159997023,0.0,0.0,230
650.0,3,1,12,650.0,3,1,12,650942.0,AKI JAPANESE STEAKHOUSE,1150,CARLISLE STREET,HANOVER,17331,10/17/2012,439.83,0.0,39.82084230921007,-76.99629060811658,439.83,0.0,231
650.0,3,2,01,650.0,3,2,01,650585.0,KATANA SUSHI MT. AIRY,1311,SOUTH MAIN STREET,MT AIRY,21771-5330,10/21/2009,210.0,0.0,39.3667765,-77.16451552133154,210.0,0.0,232
650.0,3,2,02,650.0,3,2,02,146500095.0,OLDE TOWN RESTAURANT,206,SOUTH MAIN STREET,MT AIRY,21771,07/23/2014,182.49,0.0,39.376213073789934,-77.15518158473427,182.49,0.0,233
650.0,3,2,03,650.0,3,2,03,226500006.0,TONY LOCOS,710,LISBON CENTER DRIVE,SYKESVILLE,21797-8629,04/18/2022,691.8,103.17,39.3491531,-77.06707164124231,691.8,103.17,234
650.0,3,2,04,650.0,3,2,04,650729.0,MAMMA ANGELA,5,RIDGESIDE COURT,MT AIRY,21771,11/23/2010,149.22,0.0,39.36373987281489,-77.16465033360105,149.22,0.0,235
650.0,3,2,05,650.0,3,2,05,650968.0,LEDO PIZZA OF MT. AIRY,520,EAST RIDGEVILLE BOULEVARD,MT AIRY,21771-5252,01/17/2013,175.0,0.0,39.36452093503843,-77.16234528968079,175.0,0.0,236
650.0,3,2,06,650.0,3,2,06,236500022.0,LOS AZTECAS II,1604,RIDGESIDE DRIVE,MT AIRY,21771-5240,07/19/2023,677.35,0.0,39.36351145747056,-77.1631138482343,677.35,0.0,237
650.0,3,3,01,650.0,3,3,01,65092638.0,DING HOW TIMONIUM,12237,TULLAMORE ROAD,TIMONIUM,21093-7816,04/08/1997,165.0,0.0,39.4587932184149,-76.66525610461497,165.0,0.0,238
650.0,3,3,02,650.0,3,3,02,166500234.0,LIBERATORE'S RISTORANTE & CATERING TIMONIUM ,9515,DEERECO ROAD,TIMONIUM,21093-2116,09/20/2016,645.69,0.0,39.45496378112544,-76.64205274675615,645.69,0.0,239
650.0,3,3,04,650.0,3,3,04,650422.0,STONE MILL GOURMET TO GO,10751,FALLS ROAD,LUTHERVILLE ,21093-3619,05/25/2007,343.4,0.0,39.419999,-76.66981,343.4,0.0,240
650.0,3,3,05,650.0,3,3,05,176500013.0,LA TOLTECA OWINGS MILLS,11515,REISTERSTOWN ROAD,OWINGS MILLS,21117-1815,04/13/2017,215.0,0.0,39.43892681818182,-76.8039096969697,215.0,0.0,241
650.0,3,3,06,650.0,3,3,06,156500214.0,MESSIAH COMMUNITY CHURCH,909,BERRYMANS LANE,REISTERSTOWN,21136-6010,06/29/2015,0.0,0.0,39.43243285,-76.83481175451908,0.0,0.0,242
650.0,3,3,"03,06",650.0,3,3,"03,06",650946.0,MICHAEL'S CAFE,2119,YORK ROAD,TIMONIUM,21093-3110,11/02/2012,2751.38,933.35,39.4419497195122,-76.62697112195123,2751.38,933.35,243
650.0,3,4,01,650.0,3,4,01,186500023.0,MAIWAND KABOB,6131,COLUMBIA CROSSING CIRCLE,COLUMBIA,21045-8208,08/31/2018,310.58,0.0,39.196142,-76.812704,310.58,0.0,244
650.0,3,4,02,650.0,3,4,02,226500022.0,TAICHI BUBBLE TEA,6250,COLUMBIA CROSSING CIRCLE,COLUMBIA,21044,08/20/2022,240.0,0.0,39.206042,-76.828234,240.0,0.0,245
650.0,3,4,03,650.0,3,4,03,176500030.0,IHOP COLUMBIA,8825,CENTRE PARK DRIVE,COLUMBIA,21045-2134,11/24/2017,343.17,171.59,39.22741605471845,-76.81483105386755,343.17,171.59,246
650.0,3,4,04,650.0,3,4,04,650538.0,COAL FIRE PIZZA ELLICOTT CITY,5725,RICHARDS VALLEY ROAD,ELLICOTT CITY,21043,03/12/2009,792.48,406.75,39.214331900000005,-76.80190502630552,792.48,406.75,247
650.0,3,4,05,650.0,3,4,05,650800.0,EAST MOON ASIAN BISTRO,5725,RICHARDS VALLEY ROAD,ELLICOTT CITY,21043,07/06/2011,318.04,0.0,39.214331900000005,-76.80190502630552,318.04,0.0,248
650.0,3,4,06,650.0,3,4,06,650559.0,KATANA SUSHI ELKRIDGE,6060,MARSHALEE DRIVE,ELKRIDGE,21075-5991,06/01/2009,215.0,0.0,39.2090671,-76.77785965097698,215.0,0.0,249
650.0,3,4,07,650.0,3,4,07,650494.0,ANLOI RESTAURANT,7104,MINSTREL WAY,COLUMBIA,21045-5539,07/29/2008,339.08,0.0,39.1773963,-76.8423714,339.08,0.0,250
650.0,3,5,01,650.0,3,5,01,216500003.0,KUNG FU TEA,14708,BALTIMORE AVENUE,LAUREL,20707,01/04/2021,0.0,0.0,39.0940655,-76.85785455508713,0.0,0.0,251
650.0,3,5,02,650.0,3,5,02,166500220.0,THE HIDEOUT,9855,WASHINGTON BOULEVARD NORTH,LAUREL,20707,07/08/2016,556.48,92.48,39.115075,-76.832013,556.48,92.48,252
650.0,3,5,03,650.0,3,5,03,226500005.0,CHOPS BY RERA,10983,GUILFORD ROAD,JESSUP,20701,04/18/2022,261.23,0.0,39.130231,-76.79019,261.23,0.0,253
650.0,3,5,04,650.0,3,5,04,6501076.0,IHOP JESSUP,7351,ASSATEAGUE DRIVE,JESSUP,20794,01/29/2014,358.33,179.17,39.1693664,-76.7865912,358.33,179.17,254
650.0,3,5,05,650.0,3,5,05,6501038.0,RUDY'S MEDITERRANEAN GRILL,7185,COLUMBIA GATEWAY DRIVE,COLUMBIA,21046,08/06/2013,494.46,42.5,39.1834423,-76.805004114269,494.46,42.5,255
650.0,3,5,06,650.0,3,5,06,236500025.0,FLAVORS OF INDIA,7185,COLUMBIA GATEWAY DRIVE,COLUMBIA,21046,09/11/2023,246.0,0.0,39.1834423,-76.805004114269,246.0,0.0,256
650.0,3,5,07,650.0,3,5,07,65052084.0,NOTTINGHAM'S,8850,STANFORD BOULEVARD,COLUMBIA,21045,07/10/2006,842.4,201.18,39.19044255,-76.81524208599417,842.4,201.18,257
650.0,3,5,08,650.0,3,5,08,650856.0,THE MANGO GROVE RESTAURANT,8865,STANFORD BOULEVARD,COLUMBIA,21045,12/01/2011,287.09,0.0,39.1909771,-76.81815554414854,287.09,0.0,258
650.0,3,6,01,650.0,3,6,01,650354.0,CATTAIL CREEK COUNTRY CLUB,3600,CATTAIL CREEK DRIVE,GLENWOOD,21738-9648,09/11/2006,1751.11,278.95,39.272176,-77.043213,1751.11,278.95,259
650.0,3,6,02,650.0,3,6,02,650514.0,TEN OAKS TAVERN,3900,TEN OAKS ROAD,GLENELG,21737,10/27/2008,377.46,0.0,39.2645504,-76.98696795000001,377.46,0.0,260
650.0,3,6,03,650.0,3,6,03,216500017.0,MARY'S LAND FARM,4979,SHEPPARD LANE,ELLICOTT CITY,21042,05/20/2021,150.0,0.0,39.23342754013487,-76.93903436331517,150.0,0.0,261
650.0,3,6,04,650.0,3,6,04,236500012.0,MAIWAND KABOB - CLARKSVILLE,12165,CLARKSVILLE PIKE #300,CLARKSVILLE,21029,04/10/2023,246.0,0.0,39.21494,-76.933299,246.0,0.0,262
650.0,3,6,05,650.0,3,6,05,156500003.0,KATANA SUSHI CLARKSVILLE,6343,TEN OAKS ROAD,CLARKSVILLE,21029,01/06/2015,271.84,0.0,39.2065349,-76.9453562282394,271.84,0.0,263
650.0,3,6,06,650.0,3,6,06,166500213.0,MINT INDIAN CUISINE,12447,CLARKSVILLE PIKE,CLARKSVILLE,21029,06/02/2016,287.03,0.0,39.205480300000005,-76.94225342840309,287.03,0.0,264
650.0,3,6,"07,01",650.0,3,6,"07,01",146500068.0,PARK TAVERN,580,GOVERNOR RITCHIE HIGHWAY,SEVERNA PARK ,21146,07/03/2014,1597.27,795.68,39.07556253846154,-76.54385623076924,1597.27,795.68,265
650.0,3,7,01,650.0,3,7,01,650500.0,RANAZUL,6420,FREETOWN ROAD SUITE 120,COLUMBIA,21044-4062,09/02/2008,265.58,89.92,39.194886,-76.883458,265.58,89.92,266
650.0,3,7,02,650.0,3,7,02,650796.0,ASIAN PALACE,10801,HICKORY RIDGE ROAD,COLUMBIA,21044,06/08/2011,246.59,0.0,39.20951865,-76.885607,246.59,0.0,267
650.0,3,7,03,650.0,3,7,03,206500001.0,AKIRA RAMEN - COLUMBIA ,10101,TWIN RIVERS ROAD,COLUMBIA,21044,01/15/2020,525.35,45.58,39.21538030128092,-76.86498975396958,525.35,45.58,268
650.0,3,7,04,650.0,3,7,04,206500002.0,URBAN HOT POT ,10100,TWIN RIVERS ROAD,COLUMBIA,21044,01/15/2020,356.44,63.78,39.215878,-76.8650884,356.44,63.78,269
650.0,3,7,05,650.0,3,7,05,186500020.0,BONCHON COLUMBIA,10100,TWIN RIVERS ROAD,COLUMBIA,21044,07/03/2018,302.65,9.22,39.215878,-76.8650884,302.65,9.22,270
650.0,3,7,06,650.0,3,7,06,226500024.0,NORA'S KABOB COLUMBIA,10300,LITTLE PATUXENT PARKWAY,COLUMBIA,21044,09/05/2022,260.1,20.1,39.2158379,-76.85999538624932,260.1,20.1,271
650.0,3,7,07,650.0,3,7,07,246500004.0,TAKUMI SUSHI & BAR - COLUMBIA,10300,LITTLE PATUXENT PARKWAY,COLUMBIA,21044,01/09/2024,0.0,0.0,39.2158379,-76.85999538624932,0.0,0.0,272
650.0,3,7,"08,01",650.0,3,7,"08,01",650934.0,ALE HOUSE COLUMBIA,6480,DOBBIN CENTER WAY,COLUMBIA,21045,10/05/2012,1674.37,720.67,39.19839485,-76.81981069741661,1674.37,720.67,273
650.0,3,8,01,650.0,3,8,01,216500014.0,DOK KHAO THAI EATERY,6000,MERRIWEATHER DRIVE,COLUMBIA,21044-3744,04/16/2021,860.01,71.7,39.206636,-76.8618812,860.01,71.7,274
650.0,3,8,02,650.0,3,8,02,236500014.0,CLOVE & CARDAMOM,6000,MERRIWEATHER DRIVE,COLUMBIA,21044,05/08/2023,204.73,0.0,39.206636,-76.8618812,204.73,0.0,275
650.0,3,8,03,650.0,3,8,03,236500002.0,PETER CHANG,6000,MERRIWEATHER DRIVE,COLUMBIA,21044-3744,01/02/2023,622.18,0.0,39.206636,-76.8618812,622.18,0.0,276
650.0,3,8,04,650.0,3,8,04,166500223.0,BLACK FLAG BREWING COMPANY,9315,SNOWDEN RIVER PARKWAY,COLUMBIA,21046,07/19/2016,240.68,10.68,39.1744335,-76.83421667211897,240.68,10.68,277
650.0,3,8,05,650.0,3,8,05,226500015.0,LOST ARK DISTILLING,9570,BERGER ROAD,COLUMBIA,21046,07/11/2022,259.0,0.0,39.1732566,-76.84434150986478,259.0,0.0,278
650.0,3,8,06,650.0,3,8,06,6501075.0,GINZA OF TOKYO,7530,MONTPELIER ROAD,LAUREL,20723,01/20/2014,313.18,0.0,39.160817858143,-76.89267848301587,313.18,0.0,279
650.0,3,8,07,650.0,3,8,07,216500006.0,PHO 5UP,11200,SCAGGSVILLE ROAD,LAUREL,20723,02/03/2021,234.48,0.0,39.146139,-76.903038,234.48,0.0,280
650.0,3,8,"08,02",650.0,3,8,"08,02",226500003.0,THE ALL AMERICAN STEAKHOUSE - ELLICOTT CITY,8450,BALTIMORE NATIONAL PIKE,ELLICOTT CITY,21043-3347,02/04/2022,1642.5,659.3,39.2866496,-76.80654242469828,1642.5,659.3,281
650.0,3,9,01,650.0,3,9,01,166500218.0,NORA'S KABOB ELDERSBURG,6300,GEORGETOWN BOULEVARD,SYKESVILLE,21784,06/29/2016,304.97,45.97,39.4012803,-76.9472392,304.97,45.97,282
650.0,3,9,02,650.0,3,9,02,166500203.0,CHINA DRAGON,6300,GEORGETOWN BOULEVARD,SYKESVILLE,21784,04/12/2016,215.0,0.0,39.4012803,-76.9472392,215.0,0.0,283
650.0,3,9,03,650.0,3,9,03,236500013.0,TAICHI BUBBLE TEA,6300,GEORGETOWN BOULEVARD,ELDERSBURG,21784,05/10/2023,246.0,0.0,39.4012803,-76.9472392,246.0,0.0,284
650.0,3,9,04,650.0,3,9,04,166500207.0,LOS AZTECAS,1213,LIBERTY ROAD,SYKESVILLE,21784,05/02/2016,624.58,0.0,39.40478605080641,-76.9528425196235,624.58,0.0,285
650.0,3,9,05,650.0,3,9,05,166500009.0,G.L. SHACKS ELDERSBURG,1207,LIBERTY ROAD,ELDERSBURG,21784,01/15/2016,369.36,133.25,39.404042,-76.95402489092609,369.36,133.25,286
650.0,3,9,06,650.0,3,9,06,226500011.0,KINARA INDIAN CUISINE & BAR,5957,EXCHANGE DRIVE,ELDERSBURG,21784,06/13/2022,413.71,0.0,39.4165034,-76.9782006,413.71,0.0,287
650.0,3,9,07,650.0,3,9,07,216500018.0,KATANA SUSHI - ELDERSBURG,5959,EXCHANGE DRIVE,ELDERSBURG,21784-9255,05/26/2021,255.92,30.92,39.4165034,-76.9782006,255.92,30.92,288
650.0,3,9,08,650.0,3,9,08,650464.0,JY TOKYO MARKET,1437,LIBERTY LAKE DRIVE,ELDERSBURG,21784,02/13/2008,264.0,0.0,39.3922071,-76.9195727,264.0,0.0,289
650.0,3,9,09,650.0,3,9,09,650362.0,AMANTE PIZZA & PASTA,21,LIBERTY ROAD,SYKESVILLE,21784-8633,08/17/2006,380.45,0.0,39.42267424798062,-76.99569786588941,380.45,0.0,290
650.0,3,9,10,650.0,3,9,10,226500002.0,DANDELION BAKERY,7556,WEST MAIN STREET,SYKESVILLE,21784-7313,01/28/2022,289.46,20.17,39.365609,-76.969545,289.46,20.17,291
650.0,3,10,01,650.0,3,10,01,216500010.0,MISSION BBQ - WESTMINSTER,584,JERMOR LANE,WESTMINSTER,21157-6126,02/22/2021,861.59,255.56,39.565929094812105,-76.97884004293314,861.59,255.56,292
650.0,3,10,02,650.0,3,10,02,216500038.0,OLD WESTMINSTER WINERY,1550,OLD WESTMINSTER ROAD,WESTMINSTER,21157-6717,11/01/2021,385.54,0.0,39.53167926952061,-77.03331953716001,385.54,0.0,293
650.0,3,10,03,650.0,3,10,03,216500011.0,HEAVY SEAS BREWING ,4615,HOLLINS FERRY ROAD,HALETHORPE,21227-4624,03/30/2021,260.0,0.0,39.2307539,-76.6753277,260.0,0.0,294
650.0,3,10,04,650.0,3,10,04,166500228.0,KATANA SUSHI WESTMINSTER,410,MEADOW CREEK DRIVE,WESTMINSTER,21158,08/15/2016,252.87,42.87,39.59003469509169,-77.01010789405544,252.87,42.87,295
650.0,3,10,05,650.0,3,10,05,65048493.0,SAKURA OF WESTMINSTER,5,WESTMINSTER SHOPPING CENTER,WESTMINSTER,21157,09/25/2003,660.34,239.2,39.5816,-76.989005,660.34,239.2,296
650.0,3,10,06,650.0,3,10,06,206500004.0,WESTMINSTER ELKS LODGE,538,GORSUCH ROAD,WESTMINSTER,21157-6530,01/24/2020,305.57,45.57,39.570372388562085,-76.97906541500788,305.57,45.57,297
650.0,3,10,07,650.0,3,10,07,166500222.0,KECCO'S NEOPOLITAN,114,WESTMINSTER PIKE,REISTERSTOWN,21136,07/15/2016,392.1,61.83,39.4735969,-76.83325639632353,392.1,61.83,298
650.0,3,11,10,650.0,3,11,10,186500001.0,LEDO PIZZA OF ELKRIDGE,7190,TROY HILL DRIVE,ELKRIDGE,21075-7055,01/23/2018,613.29,272.65,39.1943167,-76.74987080064362,613.29,272.65,299
650.0,3,11,11,650.0,3,11,11,65022116.0,CHOPSTIXX CAFE,7260,MONTGOMERY ROAD,ELKRIDGE,21075-9100,09/10/2006,225.0,0.0,39.2086934409054,-76.72840904689824,225.0,0.0,300
650.0,3,11,12,650.0,3,11,12,650561.0,G.L. SHACKS CATONSVILLE,583,FREDERICK ROAD,CATONSVILLE,21228,05/20/2009,627.77,195.82,39.272648,-76.72834999999999,627.77,195.82,301
650.0,3,11,13,650.0,3,11,13,65035326.0,PHO 1,5764,BALTIMORE NATIONAL PIKE,CATONSVILLE,21228,08/28/2003,308.83,31.65,39.28775234693877,-76.73352155102042,308.83,31.65,302
650.0,3,11,14,650.0,3,11,14,176500034.0,IHOP CATONSVILLE,5525,BALTIMORE NATIONAL PIKE,CATONSVILLE,21228-1553,12/22/2017,361.2,180.6,39.2897385,-76.7225835,361.2,180.6,303
650.0,3,11,15,650.0,3,11,15,196500002.0,THAI HEAVEN RESTAURANT,6413,FREDERICK ROAD,CATONSVILLE,21228-3504,01/07/2019,230.0,0.0,39.275203,-76.717772,230.0,0.0,304
650.0,3,11,16,650.0,3,11,16,236500029.0,EDEN SPORTS BAR & GRILL,1401,BLOOMFIELD AVENUE,BALTIMORE,21227-1076,12/15/2023,0.0,0.0,39.261813,-76.666579,0.0,0.0,305
650.0,3,11,17,650.0,3,11,17,186500021.0,LAS ESPERANZAS CAFE 1,2159,WEST PATAPSCO AVENUE,BALTIMORE,21230,08/02/2018,230.0,0.0,39.25131603017408,-76.64483746931366,230.0,0.0,306
650.0,3,12,01,650.0,3,12,01,206500011.0,ROYAL SPICE ,810,NURSERY ROAD,LINTHICUM HEIGHTS,21090-1304,10/20/2020,269.62,23.9,39.22455946002723,-76.6624271331047,269.62,23.9,307
650.0,3,12,02,650.0,3,12,02,216500020.0,O'FISHEL KOSHER CATERERS ,7000,ROCKLAND HILLS DRIVE,PIKESVILLE,21209-1112,03/15/2021,0.0,0.0,39.38492,-76.667581,0.0,0.0,308
650.0,3,12,03,650.0,3,12,03,156500201.0,TORO BRAVO,802,PINNACLE DRIVE,LINTHICUM HEIGHTS,21090,06/25/2015,336.53,0.0,39.21604575,-76.67763417580792,336.53,0.0,309
650.0,3,12,04,650.0,3,12,04,186500013.0,GLORY DAYS GRILL - LINTHICUM,1616,WEST NURSERY ROAD,LINTHICUM HEIGHTS,21090,05/15/2018,1430.38,946.8,39.2024611,-76.6832934,1430.38,946.8,310
650.0,3,12,05,650.0,3,12,05,226500001.0,TOMO ASIAN CUISINE,7698,DORCHESTER BOULEVARD,HANOVER,21076-1946,01/18/2022,240.0,0.0,39.1546706,-76.7424557024485,240.0,0.0,311
650.0,3,12,06,650.0,3,12,06,650810.0,RANGOLI RESTAURANT,7791,ARUNDEL MILLS BOULEVARD,HANOVER,21076,08/15/2011,596.86,102.97,39.15385192886801,-76.74255669836502,596.86,102.97,312
650.0,3,12,07,650.0,3,12,07,196500030.0,MAI DRAGON,2647,ANNAPOLIS ROAD,HANOVER,21076-1262,10/04/2019,245.51,0.0,39.13380115570784,-76.7441296487637,245.51,0.0,313
650.0,3,13,07,650.0,3,13,07,236500016.0,PHO 5UP - ODENTON,2288,BLUE WATER BLVD ,ODENTON,21113,05/04/2023,246.0,0.0,39.10181955,-76.71869130196436,246.0,0.0,314
650.0,3,13,08,650.0,3,13,08,236500027.0,THE ALL AMERICAN STEAKHOUSE - ODENTON,1502,ANNAPOLIS ROAD,ODENTON,21113-1001,09/28/2023,1220.2,256.2,39.09700004092381,-76.720449193036,1220.2,256.2,315
650.0,3,13,09,650.0,3,13,09,65077242.0,HUNAN L' ROSE RESTAURANT,1131,ANNAPOLIS ROAD,ODENTON,21113,04/24/2006,378.96,0.0,39.08087262192928,-76.6885057241102,378.96,0.0,316
650.0,3,13,10,650.0,3,13,10,166500224.0,THREE BROTHERS ITALIAN RESTAURANT ODENTON,1139,ANNAPOLIS ROAD,ODENTON,21113,07/20/2016,349.49,20.83,39.08105089240486,-76.68879927616,349.49,20.83,317
650.0,3,13,11,650.0,3,13,11,6502791.0,FORTUNE COOKY RESTAURANT,7978,CRAIN HIGHWAY SOUTH,GLEN BURNIE ,21061,01/26/2006,231.77,0.0,39.131330380952384,-76.63882647619047,231.77,0.0,318
650.0,3,13,12,650.0,3,13,12,650780.0,FRIENDLY'S CRAIN HIGHWAY,412,CRAIN HIGHWAY SOUTH,GLEN BURNIE,21061-3645,04/19/2011,163.16,54.25,39.159217155840864,-76.62832334706331,163.16,54.25,319
650.0,3,13,13,650.0,3,13,13,650661.0,LOS PORTALES,6938,AVIATION BOULEVARD,GLEN BURNIE ,21061-2576,06/11/2010,470.1,0.0,39.17533485,-76.64783684218702,470.1,0.0,320
650.0,3,13,14,650.0,3,13,14,650597.0,WILLY'S RESTAURANT,7271,BALTIMORE ANNAPOLIS BOULEVARD,GLEN BURNIE ,21061,12/21/2009,217.05,0.0,39.179696,-76.638466,217.05,0.0,321
650.0,3,14,02,650.0,3,14,02,166500232.0,LAS ESPERANZAS CAFÃ‰ 2,5725,RITCHIE HIGHWAY,BROOKLYN PARK,21225-3645,09/15/2016,377.69,0.0,39.21745259183673,-76.6144668877551,377.69,0.0,322
650.0,3,14,03,650.0,3,14,03,65092646.0,EL SALTO BALTIMORE,5513,RITCHIE HIGHWAY,BROOKLYN,21225-3470,05/15/1997,622.47,36.47,39.220309102040815,-76.6141615,622.47,36.47,323
650.0,3,14,04,650.0,3,14,04,6501057.0,LITTLE INDIA CAFE,20,EAST ORDNANCE ROAD,GLEN BURNIE ,21060,09/24/2013,334.58,45.58,39.19361877298917,-76.61210225835501,334.58,45.58,324
650.0,3,14,05,650.0,3,14,05,650616.0,LEDO PIZZA OF GLEN BURNIE,16,EAST ORDNANCE ROAD,GLEN BURNIE ,21060,02/23/2010,334.48,96.15,39.19361860121379,-76.61217131205389,334.48,96.15,325
650.0,3,14,06,650.0,3,14,06,6501032.0,YAMA SUSHI BAR GLEN BURNIE,6714,RITCHIE HIGHWAY,GLEN BURNIE ,21061-2870,07/17/2013,284.31,0.0,39.19199580392065,-76.61375782833552,284.31,0.0,326
650.0,3,14,07,650.0,3,14,07,226500010.0,MI PUEBLITO,6914,RITCHIE HWY,GLEN BURNIE ,21061,06/09/2022,616.88,0.0,39.18628024320308,-76.6130124038481,616.88,0.0,327
650.0,3,14,08,650.0,3,14,08,650782.0,FRIENDLY'S RITCHIE HIGHWAY,7134,RITCHIE HIGHWAY,GLEN BURNIE ,21061-2904,04/19/2011,213.55,79.44,39.17903824,-76.6154626,213.55,79.44,328
650.0,3,14,09,650.0,3,14,09,146500170.0,SAKE JAPANESE RESTAURANT & SUSHI BAR,7315,GOVERNOR RITCHIE HIGHWAY,GLEN BURNIE ,21061-3104,09/18/2014,540.09,0.0,39.17061075,-76.620399,540.09,0.0,329
650.0,3,15,01,650.0,3,15,01,650924.0,EAST MOON ASIAN BISTRO & SUSHI,7400,RITCHIE HIGHWAY,GLEN BURNIE ,21061,08/08/2012,210.0,0.0,39.167362,-76.622206,210.0,0.0,330
650.0,3,15,02,650.0,3,15,02,176500028.0,MALI THAI RESTAURANT,7477,BALTIMORE ANNAPOLIS BOULEVARD,GLEN BURNIE ,21061,09/08/2017,210.0,0.0,39.16402421230792,-76.6239972123079,210.0,0.0,331
650.0,3,15,03,650.0,3,15,03,650649.0,MI PUEBLO,7556,RITCHIE HIGHWAY,GLEN BURNIE ,21061-3717,05/05/2010,474.61,0.0,39.16054213873699,-76.62059097260442,474.61,0.0,332
650.0,3,15,04,650.0,3,15,04,216500005.0,CRAZY CRAB,805,AQUAHART ROAD,GLEN BURNIE ,21061-3968,01/14/2021,652.31,165.48,39.15259581632653,-76.61733146938776,652.31,165.48,333
650.0,3,15,05,650.0,3,15,05,146500247.0,MISSION BBQ GLEN BURNIE,7748,RITCHIE HIGHWAY,GLEN BURNIE ,21061-4378,11/25/2014,1168.18,542.4,39.15168965,-76.61402915510558,1168.18,542.4,334
650.0,3,16,01,650.0,3,16,01,186500005.0,VILLA FLORES RESTAURANT,7693,BALTIMORE ANNAPOLIS BOULEVARD,GLEN BURNIE ,21060-7554,02/22/2018,316.42,0.0,39.15337984015706,-76.59669744153275,316.42,0.0,335
650.0,3,16,02,650.0,3,16,02,65094262.0,SAKURA OF GLEN BURNIE,34,MOUNTAIN ROAD,GLEN BURNIE ,21060-7974,12/05/2000,613.96,301.58,39.13564852950231,-76.59475004294916,613.96,301.58,336
650.0,3,16,03,650.0,3,16,03,166500126.0,GENERAL HOUSE,60,MOUNTAIN ROAD,GLEN BURNIE ,21060-7974,03/10/2016,230.0,0.0,39.13544796868857,-76.59333806739536,230.0,0.0,337
650.0,3,16,04,650.0,3,16,04,186500003.0,BONCHON PASADENA,8159,RITCHIE HIGHWAY,PASADENA,21122,01/30/2018,240.17,0.0,39.12077170926556,-76.58461367802965,240.17,0.0,338
650.0,3,16,05,650.0,3,16,05,650918.0,PICANTILLO,4590,MOUNTAIN ROAD,PASADENA,21122-5330,08/14/2012,355.51,0.0,39.10715825711253,-76.48596987108863,355.51,0.0,339
650.0,3,16,06,650.0,3,16,06,6501026.0,MI PUEBLO II,554,GOVERNOR RITCHIE HIGHWAY,SEVERNA PARK ,21146,06/27/2013,655.43,0.0,39.077043456521736,-76.54516632608696,655.43,0.0,340
650.0,3,16,07,650.0,3,16,07,216500007.0,PASSION ASIAN BISTRO,25,MAGOTHY BEACH ROAD,PASADENA,21122-4461,02/11/2021,268.85,0.0,39.12103763930174,-76.51730501904332,268.85,0.0,341
650.0,3,17,01,650.0,3,17,01,206500012.0,ROMILOS,478A,RITCHIE HIGHWAY,SEVERNA PARK ,21146,10/21/2020,320.31,0.0,39.081598,-76.550917,320.31,0.0,342
650.0,3,17,02,650.0,3,17,02,650615.0,N.M. CARROLL MANOR,701,NORTH ARLINGTON AVENUE,BALTIMORE,21217-2455,03/01/2010,335.0,0.0,39.29712945,-76.63546907523221,335.0,0.0,343
650.0,3,17,03,650.0,3,17,03,65078800.0,GLORY DAYS GRILL - GLEN BURNIE,7939,RITCHIE HIGHWAY,GLEN BURNIE ,21060,12/20/2002,1608.45,968.5,39.13702395,-76.59850284122656,1608.45,968.5,344
650.0,3,17,04,650.0,3,17,04,196500036.0,EAST WEST BISTRO ,8151,RITCHIE HIGHWAY,PASADENA,21122,12/12/2019,427.39,45.35,39.120951969670585,-76.58477950531876,427.39,45.35,345
650.0,3,17,05,650.0,3,17,05,236500026.0,PHO DENA ,4141,MOUNTAIN ROAD,PASADENA,21122-4455,09/21/2023,246.0,0.0,39.122646586953856,-76.51645379960941,246.0,0.0,346
650.0,3,17,06,650.0,3,17,06,650691.0,FRIENDLY'S PASADENA,4189,MOUNTAIN ROAD,PASADENA,21122,08/24/2010,204.45,74.89,39.12245557852816,-76.51562643658276,204.45,74.89,347
650.0,3,17,07,650.0,3,17,07,6501010.0,LIFE PHO,484,RITCHIE HIGHWAY,SEVERNA PARK ,21146,05/07/2013,309.98,0.0,39.084673,-76.552625,309.98,0.0,348
650.0,3,18,02,650.0,3,18,02,216500023.0,APRIL'S TABLE ,544,BALTIMORE ANNAPOLIS BOULEVARD,SEVERNA PARK,21146,07/01/2021,260.0,0.0,39.07466443302522,-76.54850919913092,260.0,0.0,349
650.0,3,18,03,650.0,3,18,03,216500036.0,THE SOCIAL ,139,RITCHIE HIGHWAY,SEVERNA PARK ,21146,10/07/2021,407.81,0.0,39.101924,-76.565523,407.81,0.0,350
,0,0,,,0,0,,,,,,,,,,,,,,,351
